Campaign_ID,Age_ID,Content_ID,Gender_ID,Platform_ID,Region_ID,Date_ID,Budget,Clicks,CTR,CPC,Conversions,CPA,Conversion_Rate,Duration,Revenue,Spend,ROAS,Impressions
C3578,3,1,2,3,3,315,6390,401,0.0461,15.94,174,36.72,0.4339,20,27840,6453.9,4.31,8698
C6702,5,3,2,4,1,318,9870,1286,0.286,7.67,821,12.02,0.6384,28,128076,10067.4,12.72,4496
C9725,3,4,3,3,4,157,7700,1684,0.2122,4.57,1060,7.26,0.6295,15,193980,7623.0,25.45,7935
C9472,2,3,2,2,4,68,8420,444,0.0961,18.96,308,27.34,0.6937,25,24024,8504.2,2.82,4620
C7601,2,3,3,2,3,168,8470,1912,0.3652,4.43,1428,5.93,0.7469,9,277032,8046.5,34.43,5235
C2793,4,3,3,5,5,80,5450,663,0.0932,8.22,605,9.01,0.9125,20,21780,5177.5,4.21,7113
C8817,2,3,2,3,3,170,4420,1044,0.2902,4.23,452,9.78,0.433,13,51528,4508.4,11.43,3597
C1097,1,4,3,5,4,95,7720,1001,0.1036,7.71,916,8.43,0.9151,19,71448,7334.0,9.74,9662
C9333,2,4,2,4,1,123,2070,379,0.0536,5.46,192,10.78,0.5066,29,15744,2111.4,7.46,7070
C1232,3,2,3,5,1,247,2710,83,0.0096,32.65,54,50.19,0.6506,23,7236,2628.7,2.75,8645
C2507,5,1,2,1,5,201,3500,1248,0.2322,2.8,556,6.29,0.4455,10,97856,3500.0,27.96,5374
C7297,2,1,1,2,5,29,2250,208,0.0254,10.82,13,173.08,0.0625,19,598,2137.5,0.28,8188
C4133,5,1,1,5,3,142,7460,1326,0.1529,5.63,154,48.44,0.1161,25,22792,7609.2,3.0,8672
C5129,5,3,2,1,5,259,9490,1391,0.1627,6.82,1288,7.37,0.926,9,136528,9774.7,13.97,8549
C2514,5,4,2,1,4,117,2810,1491,0.1635,1.88,1068,2.63,0.7163,30,206124,2950.5,69.86,9119
C8001,1,4,3,5,2,153,3300,1765,0.2958,1.87,454,7.27,0.2572,28,86260,3168.0,27.23,5966
C1589,5,3,2,1,2,159,9370,1696,0.2854,5.52,790,11.86,0.4658,21,120080,9088.9,13.21,5942
C6840,5,4,2,2,5,201,3290,376,0.1717,8.75,115,28.61,0.3059,9,17020,3388.7,5.02,2189
C9831,4,1,1,3,4,40,9800,544,0.0781,18.01,62,158.06,0.114,23,8618,9800.0,0.88,6965
C2679,1,4,3,3,2,67,8760,419,0.0892,20.91,251,34.9,0.599,11,42419,8409.6,5.04,4697
C9010,4,4,2,3,5,111,4120,1076,0.1946,3.83,1027,4.01,0.9545,11,186914,3914.0,47.76,5529
C5916,3,2,1,2,1,16,6950,1862,0.2108,3.73,1460,4.76,0.7841,18,58400,6880.5,8.49,8833
C8963,4,3,3,5,1,26,4550,345,0.0728,13.19,139,32.73,0.4029,13,19460,4641.0,4.19,4739
C3000,2,1,3,1,4,213,9940,1941,0.5882,5.12,832,11.95,0.4286,16,134784,10039.4,13.43,3299
C5698,1,3,2,2,4,201,7880,438,0.0584,17.99,49,160.82,0.1119,28,4851,7643.6,0.63,7500
C6694,2,2,1,3,5,332,4360,502,0.0735,8.69,453,9.62,0.9024,20,26274,4447.2,5.91,6829
C3220,4,2,1,1,5,238,8820,1037,0.1358,8.51,21,420.0,0.0203,26,777,8908.2,0.09,7636
C7995,1,2,2,5,5,61,4400,311,0.2031,14.15,260,16.92,0.836,11,28340,4620.0,6.13,1531
C7506,1,4,1,2,5,3,5880,1125,0.1174,5.23,977,6.02,0.8684,25,130918,6056.4,21.62,9582
C5308,1,4,3,1,1,224,7050,723,0.2075,9.75,468,15.06,0.6473,8,89388,7332.0,12.19,3484
C2608,5,2,2,4,5,39,2750,1455,0.2338,1.89,1395,1.97,0.9588,12,223200,2777.5,80.36,6223
C2475,5,4,2,4,4,137,6970,1832,0.3724,3.8,1141,6.11,0.6228,12,128933,7318.5,17.62,4919
C3998,5,1,2,4,3,328,5140,1956,0.3191,2.63,413,12.45,0.2111,12,55342,5397.0,10.25,6129
C6209,1,2,1,5,4,216,3960,829,0.0893,4.78,150,26.4,0.1809,13,8250,3999.6,2.06,9283
C4755,1,3,3,4,4,147,4740,635,0.1876,7.46,78,60.77,0.1228,12,3354,4550.4,0.74,3384
C4279,1,2,3,1,3,254,8900,1967,0.4551,4.52,390,22.82,0.1983,21,39390,8633.0,4.56,4322
C8550,1,1,1,4,5,174,6400,1500,0.5427,4.27,1263,5.07,0.842,10,125037,6592.0,18.97,2763
C4057,5,3,3,5,4,30,5540,54,0.0093,102.59,29,191.03,0.537,24,5133,5263.0,0.98,5806
C9797,4,2,3,1,1,21,8330,1235,0.3323,6.74,907,9.18,0.7344,14,134236,8746.5,15.35,3716
C4318,5,1,3,2,2,51,7440,1584,1.3834,4.7,860,8.65,0.5429,12,138460,7068.0,19.59,1145
C6182,4,3,3,4,5,42,8180,1100,0.165,7.44,452,18.1,0.4109,14,54240,8507.2,6.38,6666
C7386,5,1,3,4,5,76,9130,108,0.0155,84.54,38,240.26,0.3519,30,7600,9586.5,0.79,6967
C3248,4,3,2,1,3,185,7360,1948,0.9634,3.78,1587,4.64,0.8147,19,234876,7728.0,30.39,2022
C5065,4,4,2,3,5,220,4000,493,0.0678,8.11,473,8.46,0.9594,25,31218,3840.0,8.13,7271
C5236,3,3,1,3,3,289,2090,751,0.3623,2.78,466,4.48,0.6205,20,43804,2110.9,20.75,2072
C2760,3,1,1,5,1,261,7070,1219,0.5328,5.8,204,34.66,0.1674,17,30804,7352.8,4.19,2287
C5987,3,4,1,4,2,121,5010,312,0.0878,16.06,76,65.92,0.2436,25,14136,4959.9,2.85,3553
C8070,2,2,2,5,1,210,3020,1231,0.241,2.45,492,6.14,0.3997,23,44280,2989.8,14.81,5107
C7438,5,2,1,3,4,161,2910,544,0.086,5.35,244,11.93,0.4485,14,20496,2764.5,7.41,6325
C4391,3,4,3,5,3,63,7930,224,0.0417,35.4,70,113.29,0.3125,29,8330,8247.2,1.01,5371
C2588,2,2,3,5,3,154,6710,1570,0.4906,4.27,1436,4.67,0.9146,24,104828,6642.9,15.78,3200
C7291,2,4,3,1,2,43,2470,135,0.0147,18.3,77,32.08,0.5704,8,14630,2445.3,5.98,9183
C4765,3,1,1,2,4,314,3060,1264,0.2901,2.42,341,8.97,0.2698,16,28644,3029.4,9.46,4357
C7311,4,3,2,5,3,46,9610,423,0.3246,22.72,78,123.21,0.1844,27,11622,9225.6,1.26,1303
C2978,2,2,2,4,5,284,2170,394,0.0655,5.51,70,31.0,0.1777,27,11130,2061.5,5.4,6015
C2672,3,2,1,4,5,130,8340,1564,0.249,5.33,969,8.61,0.6196,19,76551,8173.2,9.37,6281
C1198,1,2,1,3,3,279,5780,163,0.0478,35.46,103,56.12,0.6319,16,10403,5953.4,1.75,3410
C2879,3,2,1,4,4,295,5200,1159,0.4003,4.49,143,36.36,0.1234,17,15301,5460.0,2.8,2895
C2768,5,4,1,1,2,142,5570,494,0.1625,11.28,236,23.6,0.4777,23,27140,5458.6,4.97,3040
C2382,1,1,3,4,5,240,7940,943,0.1388,8.42,160,49.62,0.1697,22,15200,8178.2,1.86,6793
C5327,4,2,3,5,3,123,3180,410,0.1267,7.76,396,8.03,0.9659,10,30096,3339.0,9.01,3235
C8534,4,2,1,1,5,195,9130,1897,0.5738,4.81,127,71.89,0.0669,25,17272,9038.7,1.91,3306
C6153,5,4,3,5,4,209,7510,544,0.1825,13.81,88,85.34,0.1618,14,5016,7510.0,0.67,2980
C5259,4,1,1,3,4,246,2590,980,0.2695,2.64,551,4.7,0.5622,12,24244,2486.4,9.75,3636
C9489,4,3,3,4,4,164,4130,935,0.7397,4.42,652,6.33,0.6973,23,119316,4088.7,29.18,1264
C6841,2,1,2,2,3,228,2290,919,0.0975,2.49,220,10.41,0.2394,29,28380,2198.4,12.91,9425
C2310,5,3,1,1,4,239,2070,777,0.1777,2.66,537,3.85,0.6911,26,79476,1966.5,40.41,4372
C2224,1,4,2,2,3,308,5990,393,0.0504,15.24,372,16.1,0.9466,9,30876,5990.0,5.15,7797
C2921,1,3,2,4,1,251,6340,585,0.0809,10.84,299,21.2,0.5111,12,56511,6403.4,8.83,7231
C6627,3,2,3,2,1,147,3190,830,0.0997,3.84,24,132.92,0.0289,26,2520,3285.7,0.77,8324
C3701,1,3,2,1,4,269,3470,181,0.1425,19.17,173,20.06,0.9558,16,30794,3435.3,8.96,1270
C4322,2,3,2,2,4,14,3740,813,0.0875,4.6,229,16.33,0.2817,10,21526,3814.8,5.64,9291
C7266,5,1,2,3,1,102,9030,1338,1.1925,6.75,1262,7.16,0.9432,28,193086,8578.5,22.51,1122
C6047,2,2,1,5,4,283,5850,556,0.0561,10.52,56,104.46,0.1007,30,8232,6025.5,1.37,9910
C6788,4,4,2,5,4,188,4730,1724,0.478,2.74,539,8.78,0.3126,17,76538,4824.6,15.86,3606
C8368,2,4,2,5,1,118,9640,258,0.1527,37.36,115,83.83,0.4457,16,5405,9640.0,0.56,1689
C1811,4,3,1,5,4,259,8630,1370,0.2234,6.3,650,13.28,0.4745,27,103350,8284.8,12.47,6132
C7004,4,1,3,3,1,33,5440,353,0.179,15.41,260,20.92,0.7365,28,13260,5494.4,2.41,1972
C1533,4,1,2,4,3,287,3480,85,0.0092,40.94,40,87.0,0.4706,7,5440,3445.2,1.58,9239
C9963,2,1,3,4,1,313,4070,489,0.0544,8.32,17,239.41,0.0348,25,2584,3947.9,0.65,8988
C1805,5,4,1,3,4,140,5820,1447,0.1502,4.02,521,11.17,0.3601,21,87007,5936.4,14.66,9633
C6513,3,1,2,1,3,121,4470,1315,0.2208,3.4,419,10.67,0.3186,20,51118,4291.2,11.91,5955
C4429,3,3,1,2,2,164,2450,307,0.1463,7.98,23,106.52,0.0749,20,4462,2327.5,1.92,2098
C2000,4,4,3,1,2,218,2050,321,0.0467,6.39,200,10.25,0.6231,9,37600,2111.5,17.81,6873
C9598,4,2,3,4,1,186,7600,1069,0.2562,7.11,236,32.2,0.2208,8,38940,7904.0,4.93,4172
C7377,2,3,1,3,1,160,2550,1223,0.3811,2.09,455,5.6,0.372,10,22750,2677.5,8.5,3209
C5838,4,3,2,2,5,293,5740,1931,1.3685,2.97,1079,5.32,0.5588,11,84162,5740.0,14.66,1411
C5542,1,3,1,5,5,216,4930,723,0.2746,6.82,271,18.19,0.3748,26,12195,4831.4,2.52,2632
C1776,3,1,1,4,3,39,5900,208,0.0213,28.37,195,30.26,0.9375,25,36855,5900.0,6.25,9765
C1535,1,1,1,1,2,292,6590,627,0.119,10.51,550,11.98,0.8772,11,45650,6392.3,7.14,5268
C2675,4,1,2,5,2,238,4210,867,0.16,4.86,589,7.15,0.6794,25,48298,4167.9,11.59,5418
C1678,5,3,2,5,2,255,4950,693,0.0853,7.14,202,24.5,0.2915,25,39188,4702.5,8.33,8124
C5887,4,4,3,3,3,222,2050,1904,1.3668,1.08,869,2.36,0.4564,9,155551,2111.5,73.67,1393
C9352,5,3,1,4,2,53,8680,1288,0.4411,6.74,978,8.88,0.7593,27,63570,8680.0,7.32,2919
C2828,5,1,3,5,5,120,3310,860,0.1555,3.85,151,21.92,0.1756,29,26123,3210.7,8.14,5530
C6119,5,4,3,4,3,258,3200,499,0.0766,6.41,175,18.29,0.3507,21,16450,3264.0,5.04,6514
C7917,5,1,3,2,1,326,8270,1722,0.6766,4.8,734,11.27,0.4262,18,101292,8435.4,12.01,2545
C1977,2,2,2,4,4,44,2290,635,0.0923,3.61,398,5.75,0.6268,24,65670,2290.0,28.68,6879
C5105,1,2,1,4,3,148,2360,1084,0.1645,2.18,74,31.89,0.0683,29,8732,2478.0,3.52,6589
C2033,3,1,3,5,3,324,7290,1432,0.2646,5.09,1424,5.12,0.9944,30,271984,7435.8,36.58,5411
C2290,5,1,3,3,3,61,7220,1930,0.3256,3.74,1559,4.63,0.8078,10,308682,7292.2,42.33,5927
C2498,2,1,1,5,4,107,5350,906,0.2328,5.91,464,11.53,0.5121,7,66816,5082.5,13.15,3891
C3908,2,4,3,1,5,141,6120,1493,0.1671,4.1,1320,4.64,0.8841,7,201960,5875.2,34.38,8934
C1603,4,4,2,5,3,100,7240,416,0.1065,17.4,223,32.47,0.5361,8,41924,7095.2,5.91,3906
C5900,2,4,3,1,5,191,4510,1465,0.1502,3.08,479,9.42,0.327,22,49337,4600.2,10.72,9753
C5414,5,1,2,1,4,207,3820,791,0.2423,4.83,763,5.01,0.9646,27,61040,3705.4,16.47,3264
C5130,4,2,1,5,3,60,5040,1393,0.1598,3.62,1065,4.73,0.7645,20,184245,5191.2,35.49,8717
C6300,1,3,1,2,5,237,3140,1418,0.2906,2.21,407,7.71,0.287,16,18722,3045.8,6.15,4879
C1153,5,2,3,3,4,119,8520,1604,0.2056,5.31,1562,5.45,0.9738,8,306152,8775.6,34.89,7801
C7525,4,1,3,5,4,96,4470,175,0.0191,25.54,132,33.86,0.7543,16,9240,4470.0,2.07,9162
C4826,1,2,1,4,1,167,9800,1943,0.8006,5.04,1641,5.97,0.8446,23,206766,9506.0,21.75,2426
C4095,4,2,3,4,1,40,4970,1975,0.3107,2.52,1894,2.62,0.959,9,140156,4771.2,29.38,6356
C2277,1,3,3,2,1,259,7180,157,0.054,45.73,138,52.03,0.879,17,5106,6964.6,0.73,2907
C8323,3,3,2,2,2,130,5880,352,0.0384,16.7,167,35.21,0.4744,9,11690,5762.4,2.03,9166
C4161,5,1,3,4,2,171,6720,856,0.2289,7.85,541,12.42,0.632,15,17312,6451.2,2.68,3739
C3297,2,1,1,4,5,6,6770,1205,0.1246,5.62,869,7.79,0.7212,11,69520,6837.7,10.17,9670
C6444,5,4,2,1,5,176,8840,94,0.0306,94.04,19,465.26,0.2021,14,1938,8751.6,0.22,3071
C1165,1,1,1,1,2,218,9280,1573,0.1827,5.9,1310,7.08,0.8328,22,119210,9187.2,12.98,8609
C3167,1,2,3,2,2,328,9600,283,0.0357,33.92,98,97.96,0.3463,23,13328,9504.0,1.4,7927
C4053,3,4,1,2,2,86,9100,1739,0.7988,5.23,1662,5.48,0.9557,30,309132,8918.0,34.66,2177
C9760,3,4,2,2,4,40,2640,1670,0.2384,1.58,927,2.85,0.5551,15,95481,2692.8,35.46,7005
C2990,5,3,1,1,3,153,8580,1038,0.1289,8.27,721,11.9,0.6946,26,124733,8236.8,15.14,8052
C5489,1,4,3,4,2,62,5810,806,0.0845,7.21,310,18.74,0.3846,18,41540,5577.6,7.45,9538
C1479,3,2,3,3,4,145,3660,957,0.1274,3.82,900,4.07,0.9404,29,164700,3623.4,45.45,7511
C2411,1,1,1,1,1,128,4510,935,0.774,4.82,822,5.49,0.8791,14,163578,4329.6,37.78,1208
C4371,5,4,2,5,2,120,4040,1117,0.3712,3.62,100,40.4,0.0895,17,18600,4242.0,4.38,3009
C1053,3,1,1,3,1,189,7480,1565,0.1876,4.78,544,13.75,0.3476,28,107712,7180.8,15.0,8342
C1011,5,1,3,2,5,287,8680,1764,0.4456,4.92,1692,5.13,0.9592,29,309636,9027.2,34.3,3958
C9560,1,4,2,2,3,85,5170,1017,0.2706,5.08,379,13.64,0.3727,24,63293,5376.8,11.77,3758
C9523,3,3,1,5,1,309,4560,960,0.1255,4.75,299,15.25,0.3115,30,56212,4651.2,12.09,7649
C9548,4,2,2,4,1,119,2610,1288,0.1648,2.03,699,3.73,0.5427,17,85977,2688.3,31.98,7815
C5510,2,1,1,3,1,208,8040,1126,0.1206,7.14,715,11.24,0.635,26,89375,8120.4,11.01,9336
C7701,5,4,3,4,1,84,6930,1558,0.5356,4.45,1000,6.93,0.6418,12,76000,6930.0,10.97,2908
C9916,4,4,1,2,2,97,9050,987,0.3324,9.17,484,18.7,0.4904,21,87120,8597.5,10.13,2969
C9888,5,4,3,5,5,13,4130,881,0.119,4.69,184,22.45,0.2089,9,23920,4130.0,5.79,7403
C8101,5,4,1,3,5,115,7400,1363,0.1394,5.43,598,12.37,0.4387,27,85514,7548.0,11.33,9777
C3516,2,3,2,3,1,7,6840,133,0.0422,51.43,131,52.21,0.985,25,11135,6566.4,1.7,3151
C9308,5,3,2,4,1,134,6740,279,0.0382,24.16,99,68.08,0.3548,20,6039,6672.6,0.91,7303
C9429,3,2,3,3,4,21,9200,1243,0.6081,7.4,318,28.93,0.2558,24,20352,9292.0,2.19,2044
C8305,1,1,3,1,4,57,9260,937,0.1577,9.88,795,11.65,0.8485,19,154230,8797.0,17.53,5941
C6143,5,2,2,4,1,277,9790,1283,0.1432,7.63,418,23.42,0.3258,25,40964,9985.8,4.1,8959
C9836,5,1,2,5,4,222,2600,388,0.0987,6.7,241,10.79,0.6211,23,44585,2496.0,17.86,3931
C9708,1,4,2,4,5,305,5170,320,0.0926,16.16,126,41.03,0.3937,24,14616,5118.3,2.86,3455
C2511,5,3,3,5,5,210,3220,1094,0.2907,2.94,979,3.29,0.8949,10,169367,3252.2,52.08,3763
C4061,1,2,3,5,1,119,7010,1452,0.1724,4.83,723,9.7,0.4979,22,26028,6939.9,3.75,8422
C6408,5,1,1,4,1,132,7300,1818,0.8527,4.02,1243,5.87,0.6837,21,78309,7227.0,10.84,2132
C5459,1,3,2,1,2,120,3590,1427,0.2272,2.52,1411,2.54,0.9888,13,64906,3446.4,18.83,6280
C8044,3,4,3,1,5,186,5110,1635,0.372,3.13,804,6.36,0.4917,28,107736,4905.6,21.96,4395
C5147,1,1,3,3,1,44,4200,1189,0.2353,3.53,127,33.07,0.1068,30,5588,4032.0,1.39,5053
C1785,2,4,2,3,1,206,8300,1193,0.8166,6.96,429,19.35,0.3596,30,50622,7885.0,6.42,1460
C4676,1,1,1,4,5,100,5860,1395,0.1688,4.2,310,18.9,0.2222,30,31930,5684.2,5.62,8264
C8990,3,3,2,1,1,193,5530,1658,0.3106,3.34,435,12.71,0.2624,15,27405,5253.5,5.22,5338
C5792,4,1,3,1,3,244,6550,1154,0.1215,5.68,710,9.23,0.6153,9,29110,6288.0,4.63,9497
C4699,1,3,3,4,4,37,5150,1065,0.2451,4.84,216,23.84,0.2028,25,35640,4944.0,7.21,4345
C3176,3,3,3,4,4,107,9790,813,0.3331,12.04,131,74.73,0.1611,13,7074,9887.9,0.72,2440
C3273,1,4,1,3,2,89,5240,1542,0.2594,3.4,639,8.2,0.4144,29,109269,5187.6,21.06,5944
C9673,3,3,1,1,4,128,9140,279,0.1269,32.76,157,58.22,0.5627,19,10205,9048.6,1.13,2198
C4126,2,1,2,5,2,226,2770,1909,0.7918,1.45,1311,2.11,0.6867,26,98325,2880.8,34.13,2410
C4213,3,2,2,4,3,144,2860,877,0.1099,3.26,672,4.26,0.7662,10,98784,2717.0,36.36,7979
C9401,3,3,1,3,5,139,8400,119,0.0207,70.59,115,73.04,0.9664,10,12650,8148.0,1.55,5748
C3703,5,1,2,4,1,192,2860,1737,0.178,1.65,145,19.72,0.0835,18,9280,2802.8,3.31,9758
C4846,1,1,3,3,4,16,2360,1668,0.6622,1.41,509,4.64,0.3052,25,42756,2360.0,18.12,2518
C8078,5,3,3,1,5,40,2790,1243,0.1268,2.24,403,6.92,0.3242,14,26195,2706.3,9.68,9802
C5390,4,4,3,5,3,239,5930,551,0.1005,10.76,247,24.01,0.4483,11,25441,6226.5,4.09,5482
C9376,5,3,2,1,1,179,7070,427,0.0757,16.56,60,117.83,0.1405,19,10200,7423.5,1.37,5640
C4004,3,2,2,5,3,173,3350,463,0.1223,7.24,50,67.0,0.108,7,3500,3350.0,1.04,3785
C5589,1,3,3,1,4,241,2410,1890,0.2376,1.28,1089,2.21,0.5762,24,130680,2482.3,52.64,7954
C2306,3,3,2,4,1,313,6060,1411,0.1749,4.29,119,50.92,0.0843,18,3927,5878.2,0.67,8067
C5677,4,3,2,1,1,9,2900,1284,0.3179,2.26,971,2.99,0.7562,11,118462,2929.0,40.44,4039
C7450,3,2,1,4,1,307,6360,1273,0.1978,5.0,126,50.48,0.099,29,13356,6296.4,2.12,6435
C5033,3,4,1,1,1,141,3780,1493,0.3136,2.53,1475,2.56,0.9879,13,205025,3855.6,53.18,4760
C8674,2,4,1,4,1,331,2880,1476,0.1791,1.95,288,10.0,0.1951,7,23328,2995.2,7.79,8241
C6099,2,3,3,1,4,241,9530,132,0.0393,72.2,13,733.08,0.0985,13,1768,9148.8,0.19,3358
C7138,1,2,1,5,1,31,3220,1024,0.2461,3.14,145,22.21,0.1416,7,13485,3155.6,4.27,4160
C4844,4,4,1,5,2,310,7660,325,0.0762,23.57,295,25.97,0.9077,14,45430,8043.0,5.65,4265
C5515,2,1,3,4,2,24,7990,1982,0.2559,4.03,1315,6.08,0.6635,30,222235,7910.1,28.1,7745
C1746,2,4,2,4,3,112,2830,836,0.2042,3.39,355,7.97,0.4246,16,65675,2914.9,22.53,4094
C9933,4,2,3,1,5,87,7120,1159,1.0975,6.14,980,7.27,0.8456,8,193060,6906.4,27.95,1056
C8825,4,3,2,4,2,5,2700,1680,0.2335,1.61,1138,2.37,0.6774,28,171838,2565.0,66.99,7194
C7975,2,1,3,5,5,131,6610,213,0.0293,31.03,101,65.45,0.4742,16,19392,6345.6,3.06,7269
C7607,2,1,3,3,4,196,2610,1508,0.4763,1.73,131,19.92,0.0869,13,14541,2557.8,5.68,3166
C9454,2,1,2,1,4,242,8740,1817,0.3532,4.81,1346,6.49,0.7408,14,254394,8740.0,29.11,5144
C8148,3,3,1,4,1,283,7380,168,0.0446,43.93,17,434.12,0.1012,27,646,7675.2,0.08,3766
C7717,2,4,2,4,1,156,2480,959,0.1162,2.59,849,2.92,0.8853,18,26319,2504.8,10.51,8253
C9867,3,1,3,4,2,95,6110,1689,0.3424,3.62,622,9.82,0.3683,9,72774,6048.9,12.03,4932
C3387,3,1,3,2,5,180,6750,1677,0.5581,4.03,1015,6.65,0.6052,12,156310,6547.5,23.87,3004
C1341,1,1,1,1,3,65,4630,859,0.2088,5.39,735,6.3,0.8556,29,127890,4630.0,27.62,4113
C2816,1,2,2,1,2,172,8390,1448,0.79,5.79,1432,5.86,0.989,27,173272,8306.1,20.86,1832
C5907,1,4,1,1,3,329,8030,352,0.0495,22.81,288,27.88,0.8182,14,22752,7869.4,2.89,7111
C5355,3,3,2,5,2,280,5490,1765,0.4453,3.11,666,8.24,0.3773,15,22644,5764.5,3.93,3963
C5938,4,3,2,3,5,279,4630,1667,1.5252,2.78,1446,3.2,0.8674,9,160506,4537.4,35.37,1092
C3935,3,3,2,1,4,144,5000,321,0.1499,15.58,307,16.29,0.9564,21,20876,4850.0,4.3,2141
C7449,2,1,3,2,4,144,2160,1164,0.4856,1.86,862,2.51,0.7405,21,124990,2203.2,56.73,2397
C3181,1,3,2,5,5,156,8370,732,0.2679,11.43,594,14.09,0.8115,24,48114,8370.0,5.75,2732
C4782,3,4,2,2,2,324,6260,1573,0.1804,3.98,487,12.85,0.3096,13,19967,6510.4,3.07,8719
C5794,1,2,3,3,1,100,9240,877,0.0914,10.54,472,19.58,0.5382,17,82128,8962.8,9.16,9595
C7681,1,4,3,5,2,272,8840,299,0.1449,29.57,226,39.12,0.7559,20,28476,8840.0,3.22,2063
C3996,3,1,2,1,5,308,5140,1134,0.1614,4.53,687,7.48,0.6058,16,33663,5037.2,6.68,7026
C1555,3,1,3,4,5,223,9360,838,0.0879,11.17,832,11.25,0.9928,30,154752,9172.8,16.87,9533
C2434,4,4,3,3,1,323,8140,1491,0.3777,5.46,1279,6.36,0.8578,24,203361,8384.2,24.26,3947
C8502,1,2,3,3,2,327,8310,842,0.0996,9.87,484,17.17,0.5748,25,82280,8725.5,9.43,8453
C3055,2,1,3,5,2,222,2350,1387,0.1809,1.69,734,3.2,0.5292,15,104228,2420.5,43.06,7667
C6872,2,4,3,2,3,291,5230,897,0.1636,5.83,335,15.61,0.3735,20,64990,5073.1,12.81,5482
C7596,3,1,2,3,1,146,2190,254,0.0572,8.62,239,9.16,0.9409,8,7170,2102.4,3.41,4440
C2221,4,4,3,4,1,221,7460,645,0.1664,11.57,95,78.53,0.1473,11,18335,7683.8,2.39,3876
C9288,1,2,1,4,2,224,8800,1692,1.5424,5.2,1462,6.02,0.8641,30,119884,8360.0,14.34,1096
C9249,4,4,3,4,3,17,6740,595,0.3504,11.33,567,11.89,0.9529,8,36288,6874.8,5.28,1698
C4482,5,2,2,1,4,289,9110,1100,0.6691,8.28,661,13.78,0.6009,11,104438,9565.5,10.92,1643
C5313,5,4,3,1,3,227,6190,1673,1.5405,3.7,1321,4.69,0.7896,26,81902,6313.8,12.97,1086
C5399,3,3,2,1,5,155,6550,1382,0.6476,4.74,407,16.09,0.2945,14,71632,6222.5,11.51,2134
C5557,2,4,3,2,1,136,6620,962,0.4779,6.88,917,7.22,0.9532,15,53186,6951.0,7.65,2012
C6874,4,4,2,3,5,241,5890,484,0.0534,12.17,237,24.85,0.4897,17,22041,5831.1,3.78,9063
C5999,2,1,3,4,4,12,2540,1598,0.6389,1.59,854,2.97,0.5344,24,157136,2514.6,62.49,2501
C3701,5,3,3,2,3,114,7380,1697,0.2188,4.35,518,14.25,0.3052,26,76664,7011.0,10.93,7755
C1508,1,3,3,3,2,282,7610,526,0.2136,14.47,137,55.55,0.2605,27,20413,7686.1,2.66,2462
C2576,4,4,1,4,4,136,9130,1718,0.9172,5.31,1390,6.57,0.8091,19,247420,9312.6,26.57,1873
C6242,4,4,3,5,3,140,2400,1318,0.4925,1.82,286,8.39,0.217,23,33462,2280.0,14.68,2676
C2157,4,1,1,2,5,267,9510,622,0.5743,15.29,277,34.33,0.4453,15,21606,9224.7,2.34,1083
C1002,1,1,1,1,2,129,9950,1806,0.1819,5.51,1612,6.17,0.8926,25,320788,10348.0,31.0,9928
C9559,3,3,2,4,5,278,4960,1351,0.1527,3.67,141,35.18,0.1044,23,6627,4960.0,1.34,8847
C8244,3,3,2,2,1,315,3790,929,0.1444,4.08,93,40.75,0.1001,15,9486,3827.9,2.48,6433
C2340,4,3,2,1,3,235,3400,1173,0.1277,2.9,1018,3.34,0.8679,7,123178,3434.0,35.87,9185
C7255,3,3,1,5,3,217,3650,1187,0.1673,3.07,130,28.08,0.1095,7,5200,3540.5,1.47,7095
C8218,4,1,3,5,1,30,5940,107,0.0664,55.51,43,138.14,0.4019,7,7697,5643.0,1.36,1611
C7331,2,4,1,5,2,217,4040,846,0.0902,4.78,522,7.74,0.617,24,41238,4201.6,9.81,9379
C6586,1,1,1,2,2,8,4400,1049,0.1456,4.19,16,275.0,0.0153,20,2464,4356.0,0.57,7204
C1413,2,4,2,2,1,322,2390,296,0.0321,8.07,204,11.72,0.6892,27,38760,2366.1,16.38,9221
C6528,3,1,2,1,3,126,5760,1469,0.2613,3.92,917,6.28,0.6242,17,78862,5702.4,13.83,5621
C8829,5,2,3,4,2,174,9030,1696,0.1886,5.32,1246,7.25,0.7347,30,179424,8668.8,20.7,8992
C2805,1,2,2,3,1,314,9230,1553,0.4145,5.94,916,10.08,0.5898,8,62288,9414.6,6.62,3746
C8023,5,2,1,4,5,118,6640,1433,0.2151,4.63,108,61.48,0.0754,14,19116,6440.8,2.97,6662
C1542,4,3,3,1,3,249,4210,1427,0.688,2.95,277,15.2,0.1941,28,12742,4167.9,3.06,2074
C5660,5,2,3,2,5,259,9690,1389,0.2441,6.98,1191,8.14,0.8575,10,202470,9980.7,20.29,5690
C7614,1,3,2,3,5,158,9800,698,0.2913,14.04,502,19.52,0.7192,18,33132,9604.0,3.45,2396
C2469,3,2,3,3,5,210,9350,687,0.2915,13.61,192,48.7,0.2795,27,27264,9069.5,3.01,2356
C1900,3,3,2,1,2,79,6970,1562,0.5014,4.46,1530,4.56,0.9795,15,73440,7039.7,10.43,3115
C1108,2,1,2,5,4,317,7010,271,0.0849,25.87,41,170.98,0.1513,11,2665,7080.1,0.38,3191
C2071,4,4,3,5,3,23,7120,903,0.1705,7.88,471,15.12,0.5216,18,28260,6835.2,4.13,5296
C6095,2,1,3,4,1,127,3750,1251,0.176,3.0,29,129.31,0.0232,13,1682,3825.0,0.44,7107
C5045,3,4,3,2,5,183,6950,407,0.1886,17.08,237,29.32,0.5823,26,46689,7297.5,6.4,2158
C4555,2,4,2,3,5,80,4200,661,0.1647,6.35,597,7.04,0.9032,21,46566,4200.0,11.09,4013
C4793,3,1,1,5,5,73,5700,1398,0.5603,4.08,34,167.65,0.0243,8,6256,5415.0,1.16,2495
C2048,5,2,1,5,1,26,3540,168,0.0557,21.07,35,101.14,0.2083,15,5600,3540.0,1.58,3016
C4845,5,2,2,2,2,124,4590,63,0.0222,72.86,48,95.62,0.7619,25,1776,4681.8,0.38,2837
C9774,5,1,1,3,3,264,5600,236,0.0491,23.73,33,169.7,0.1398,9,1584,5656.0,0.28,4806
C5042,5,4,3,3,3,178,2470,1187,0.3746,2.08,100,24.7,0.0842,30,7300,2519.4,2.9,3168
C1725,1,3,1,2,2,279,6950,1929,0.2497,3.6,1755,3.96,0.9098,17,198315,6880.5,28.82,7725
C3371,2,4,3,4,4,268,5520,1922,0.2725,2.87,1727,3.2,0.8985,23,127798,5740.8,22.26,7053
C3637,4,3,2,4,3,31,4830,1936,0.3735,2.49,1529,3.16,0.7898,10,131494,5071.5,25.93,5183
C6261,3,3,3,4,4,186,2060,1589,0.4064,1.3,600,3.43,0.3776,26,19800,2039.4,9.71,3909
C5561,1,3,3,3,4,37,9040,106,0.0166,85.28,68,132.94,0.6415,25,8636,9130.4,0.95,6385
C2077,4,1,3,5,3,75,7510,880,0.6827,8.53,820,9.16,0.9318,25,141860,7885.5,17.99,1288
C8057,5,1,1,5,4,216,2500,140,0.0146,17.86,137,18.25,0.9786,28,25482,2575.0,9.9,9589
C1737,4,4,2,3,4,39,4920,413,0.1405,11.91,90,54.67,0.2179,27,11790,4723.2,2.5,2939
C1505,5,1,3,2,2,322,8810,1778,0.2963,4.96,978,9.01,0.5501,25,124206,8898.1,13.96,6000
C2719,2,2,3,3,3,44,7620,1730,0.7786,4.4,231,32.99,0.1335,10,31878,8001.0,3.98,2221
C7735,2,3,2,3,3,78,9420,1006,0.3327,9.36,682,13.81,0.6779,18,109120,9325.8,11.7,3023
C6972,5,4,1,3,1,125,7760,111,0.0229,69.91,76,102.11,0.6847,19,9576,7604.8,1.26,4847
C5312,3,2,3,2,4,268,5570,136,0.0247,40.96,76,73.29,0.5588,24,6764,5291.5,1.28,5506
C1783,2,2,3,1,3,18,2080,1180,0.3513,1.76,1041,2.0,0.8822,8,173847,1976.0,87.98,3358
C3792,5,4,2,1,2,263,6230,1226,0.1735,5.08,481,12.95,0.3923,23,68783,6354.6,10.82,7066
C9836,4,4,2,4,1,68,8280,451,0.0656,18.36,145,57.1,0.3215,17,5220,8362.8,0.62,6874
C4093,3,1,2,5,1,165,7880,1644,0.8621,4.79,320,24.62,0.1946,8,15360,7880.0,1.95,1906
C9838,1,3,2,3,1,182,4940,609,0.062,8.11,225,21.96,0.3695,17,29250,5088.2,5.75,9822
C1176,4,3,1,1,4,122,9150,1103,0.3458,8.3,403,22.7,0.3654,25,47554,9058.5,5.25,3189
C7530,2,3,3,5,5,212,7750,287,0.0292,27.0,192,40.36,0.669,25,7104,7362.5,0.96,9828
C7692,2,4,3,5,3,242,2280,1116,0.2535,2.04,102,22.35,0.0914,18,19176,2325.6,8.25,4402
C7432,1,4,1,2,1,180,8920,121,0.0486,73.72,40,223.0,0.3306,16,6800,8920.0,0.76,2489
C8177,5,1,3,3,2,314,3350,904,0.1709,3.71,81,41.36,0.0896,10,2592,3450.5,0.75,5289
C1378,4,2,1,1,1,52,3280,74,0.0504,44.32,53,61.89,0.7162,30,1643,3148.8,0.52,1468
C7959,2,4,2,2,2,122,3450,254,0.0474,13.58,14,246.43,0.0551,21,2212,3346.5,0.66,5358
C2638,5,1,1,4,1,33,3180,972,0.0998,3.27,546,5.82,0.5617,15,57876,3339.0,17.33,9739
C5910,1,1,3,1,1,176,4310,577,0.1408,7.47,188,22.93,0.3258,7,20868,4223.8,4.94,4098
C9293,4,4,3,1,1,12,8820,1322,0.7776,6.67,61,144.59,0.0461,16,6832,9172.8,0.74,1700
C2716,2,2,3,1,3,96,6260,1549,1.2008,4.04,665,9.41,0.4293,21,99750,6385.2,15.62,1289
C9055,3,1,3,5,3,327,3850,129,0.0155,29.84,101,38.12,0.7829,30,7373,3850.0,1.92,8322
C2772,1,3,3,1,2,54,9150,826,0.1379,11.08,40,228.75,0.0484,18,4960,9516.0,0.52,5989
C2972,2,1,2,4,3,54,4540,1125,0.2015,4.04,191,23.77,0.1698,7,34762,4449.2,7.81,5583
C2481,4,1,2,1,5,137,8510,681,0.2304,12.5,636,13.38,0.9339,7,52152,8424.9,6.19,2955
C5611,3,1,2,3,3,273,6300,663,0.0861,9.5,446,14.13,0.6727,19,37018,6489.0,5.7,7700
C7572,5,1,1,5,1,305,4660,729,0.0999,6.39,70,66.57,0.096,25,9870,4706.6,2.1,7297
C4973,2,1,2,1,2,201,4610,1114,0.235,4.14,159,28.99,0.1427,15,25281,4471.7,5.65,4740
C4744,2,1,1,5,5,80,6980,1494,0.4468,4.67,510,13.69,0.3414,29,74970,6631.0,11.31,3343
C1946,2,1,3,5,1,316,2030,715,0.1761,2.84,537,3.78,0.751,14,81624,1928.5,42.33,4060
C7586,3,1,1,3,5,210,3760,459,0.1544,8.19,285,13.19,0.6209,9,44460,3684.8,12.07,2972
C1127,3,4,2,1,5,154,2290,1109,0.68,2.06,71,32.25,0.064,9,6603,2381.6,2.77,1630
C6136,5,1,1,5,1,107,6100,1597,0.2081,3.82,52,117.31,0.0326,26,2756,6344.0,0.43,7674
C2281,1,3,2,3,5,74,2850,1962,0.1968,1.45,312,9.13,0.159,14,23088,2707.5,8.53,9969
C9118,3,2,2,2,1,285,2510,344,0.0468,7.3,220,11.41,0.6395,21,43340,2459.8,17.62,7350
C6880,4,2,3,3,3,87,9880,927,0.1895,10.66,521,18.96,0.562,24,75545,9781.2,7.72,4891
C6366,5,2,2,4,1,144,8240,327,0.0485,25.2,292,28.22,0.893,11,41464,8157.6,5.08,6742
C3759,1,1,3,3,1,319,4610,1879,0.402,2.45,867,5.32,0.4614,11,125715,4610.0,27.27,4674
C3041,5,3,1,3,1,161,4380,348,0.0642,12.59,227,19.3,0.6523,12,25651,4248.6,6.04,5420
C4336,5,2,2,4,1,230,4930,1192,0.1204,4.14,135,36.52,0.1133,27,4590,5028.6,0.91,9900
C9305,2,3,3,2,2,187,9150,1038,0.21,8.82,80,114.38,0.0771,28,4240,9150.0,0.46,4942
C3508,1,2,3,3,5,61,3060,487,0.136,6.28,339,9.03,0.6961,22,55935,2907.0,19.24,3580
C9092,1,1,3,1,3,285,3720,1751,0.7305,2.12,80,46.5,0.0457,20,15200,3868.8,3.93,2396
C3215,3,2,2,1,4,285,3080,337,0.0648,9.14,37,83.24,0.1098,8,1369,3110.8,0.44,5200
C4306,1,2,1,4,2,62,9330,992,0.295,9.41,547,17.06,0.5514,15,91896,9330.0,9.85,3362
C5802,1,2,2,1,5,222,3890,1343,0.2646,2.9,1135,3.43,0.8451,12,53345,3773.3,14.14,5075
C4892,4,1,3,5,1,60,6320,782,0.1964,8.08,367,17.22,0.4693,16,49178,6572.8,7.48,3981
C5299,3,1,2,3,1,330,3310,957,0.1585,3.46,291,11.37,0.3041,28,34338,3177.6,10.81,6037
C5700,5,2,1,2,4,202,2110,1157,0.1357,1.82,183,11.53,0.1582,16,35319,2131.1,16.57,8526
C2361,3,1,1,2,2,185,7070,430,0.0456,16.44,238,29.71,0.5535,7,37604,7423.5,5.07,9429
C5324,3,1,1,2,2,54,4080,1369,0.1374,2.98,1299,3.14,0.9489,11,200046,4120.8,48.55,9963
C1822,1,1,3,3,2,28,9960,465,0.0986,21.42,176,56.59,0.3785,17,12672,9860.4,1.29,4716
C1510,2,2,2,1,5,68,7900,1604,0.3808,4.93,958,8.25,0.5973,25,98674,8295.0,11.9,4212
C5404,3,4,3,3,1,28,5340,1176,0.2106,4.54,97,55.05,0.0825,16,13095,5073.0,2.58,5584
C3108,3,3,3,4,2,12,9730,497,0.1624,19.58,51,190.78,0.1026,29,4080,9438.1,0.43,3060
C7169,5,2,3,4,4,223,2460,813,0.0961,3.03,609,4.04,0.7491,29,67599,2484.6,27.21,8459
C4316,4,4,2,3,4,322,4690,686,0.1717,6.84,207,22.66,0.3017,28,9108,4924.5,1.85,3995
C8539,3,3,3,1,1,108,2280,326,0.0758,6.99,131,17.4,0.4018,21,14279,2348.4,6.08,4300
C4251,1,1,1,5,5,147,6680,1345,0.9655,4.97,545,12.26,0.4052,26,59405,6947.2,8.55,1393
C9343,1,1,2,1,1,328,6960,553,0.1418,12.59,204,34.12,0.3689,21,8772,7308.0,1.2,3899
C2960,2,3,3,4,3,197,5730,1769,0.2696,3.24,501,11.44,0.2832,22,77655,5500.8,14.12,6561
C2041,4,3,2,2,1,262,4820,1855,0.2154,2.6,1410,3.42,0.7601,22,57810,4964.6,11.64,8611
C9739,3,4,2,3,4,333,5610,1272,0.4032,4.41,823,6.82,0.647,20,50203,5778.3,8.69,3154
C5312,5,1,2,4,4,236,5040,717,0.1881,7.03,291,17.32,0.4059,28,48306,5140.8,9.4,3811
C1238,3,3,1,1,5,184,4940,839,0.2009,5.89,389,12.7,0.4636,12,17505,4989.4,3.51,4176
C2337,3,2,3,4,3,187,5010,1394,0.1841,3.59,798,6.28,0.5725,12,158802,5260.5,30.19,7571
C2998,4,2,2,3,3,185,7850,1439,0.6306,5.46,1088,7.22,0.7561,15,78336,7850.0,9.98,2281
C9868,2,1,1,1,4,251,6030,1292,0.151,4.67,1034,5.83,0.8003,13,117876,5788.8,20.36,8556
C3107,1,1,3,2,1,178,4760,1968,0.2412,2.42,1705,2.79,0.8664,20,121055,4569.6,26.49,8159
C6981,3,3,1,4,2,259,4700,470,0.0522,10.0,135,34.81,0.2872,21,18630,4606.0,4.04,9003
C6577,3,1,1,1,2,157,6370,1308,0.4422,4.87,1030,6.18,0.7875,7,73130,6178.9,11.84,2957
C4410,1,3,3,5,3,137,2840,171,0.0184,16.61,117,24.27,0.6842,15,22815,2896.8,7.88,9293
C1091,5,4,1,3,3,298,3190,579,0.2001,5.51,264,12.08,0.456,14,48840,3221.9,15.16,2893
C5771,4,4,1,3,4,84,5130,1854,0.6676,2.77,1515,3.39,0.8172,17,77265,4976.1,15.53,2777
C4208,5,3,2,3,2,259,5260,1309,0.1816,4.02,994,5.29,0.7594,10,135184,5312.6,25.45,7208
C2044,2,1,2,5,4,319,3300,955,0.5018,3.46,515,6.41,0.5393,9,88065,3201.0,27.51,1903
C6950,2,4,2,2,3,41,6600,526,0.0649,12.55,339,19.47,0.6445,13,42375,6732.0,6.29,8104
C4775,3,3,3,5,2,192,3680,1990,0.6256,1.85,467,7.88,0.2347,20,25218,3864.0,6.53,3180
C5384,4,1,1,3,5,42,2700,98,0.0299,27.55,58,46.55,0.5918,27,1740,2808.0,0.62,3277
C3403,4,3,1,3,4,167,7610,860,0.1245,8.85,519,14.66,0.6035,12,92382,7686.1,12.02,6907
C1356,1,4,2,5,4,270,9720,640,0.3912,15.19,635,15.31,0.9922,11,100965,9331.2,10.82,1635
C1713,5,4,2,2,3,49,2460,1841,0.3281,1.34,1295,1.9,0.7034,27,132090,2386.2,55.36,5611
C4177,1,2,2,5,3,67,2990,1057,0.1088,2.83,127,23.54,0.1202,11,17780,2870.4,6.19,9715
C6019,5,2,1,4,3,188,7980,1477,0.182,5.4,152,52.5,0.1029,14,11096,7581.0,1.46,8115
C6358,5,3,1,2,3,306,5520,777,0.4269,7.1,71,77.75,0.0914,19,9372,5630.4,1.66,1820
C3652,5,3,2,1,1,325,4670,1206,0.1247,3.87,49,95.31,0.0406,10,7742,4529.9,1.71,9671
C1058,2,1,3,4,4,209,6520,1145,0.1331,5.69,454,14.36,0.3965,14,50848,6324.4,8.04,8602
C4581,5,4,2,5,4,321,3570,145,0.0146,24.62,23,155.22,0.1586,28,713,3534.3,0.2,9931
C1826,4,1,2,3,2,120,2390,843,0.2071,2.84,20,119.5,0.0237,19,3440,2461.7,1.4,4070
C2563,5,4,3,1,1,289,4830,1346,0.2754,3.59,771,6.26,0.5728,19,74787,4781.7,15.64,4887
C4300,5,2,1,1,4,308,3280,1389,0.5236,2.36,496,6.61,0.3571,30,54560,3247.2,16.8,2652
C4736,5,4,3,5,1,144,5430,494,0.0964,10.99,292,18.6,0.5911,9,21900,5701.5,3.84,5124
C6991,4,3,2,5,2,15,8030,91,0.0365,88.24,35,229.43,0.3846,13,2800,8431.5,0.33,2493
C7863,3,2,2,5,5,96,8710,1259,0.2976,6.92,646,13.48,0.5131,27,49742,9145.5,5.44,4230
C6080,2,3,2,1,1,177,8840,101,0.0398,87.52,48,184.17,0.4752,8,5040,8486.4,0.59,2537
C3695,4,1,2,3,2,40,5200,1269,0.251,4.1,644,8.07,0.5075,18,118496,5148.0,23.02,5055
C2267,2,1,1,4,3,147,5570,985,0.3119,5.65,890,6.26,0.9036,26,138840,5625.7,24.68,3158
C5910,1,2,3,5,3,135,7760,1931,0.7453,4.02,1221,6.36,0.6323,29,238095,8148.0,29.22,2590
C1744,2,1,2,2,5,266,6110,562,0.0938,10.87,456,13.4,0.8114,11,74328,6354.4,11.7,5991
C1100,1,3,2,3,3,328,8800,584,0.2333,15.07,464,18.97,0.7945,11,18560,8712.0,2.13,2503
C9820,4,1,3,1,5,132,5650,1828,0.3461,3.09,74,76.35,0.0405,30,11100,5876.0,1.89,5281
C5653,1,2,3,4,3,228,2490,74,0.0095,33.65,10,249.0,0.1351,23,1830,2614.5,0.7,7789
C9290,5,4,2,1,3,28,9880,1629,0.5734,6.07,32,308.75,0.0196,16,4672,10374.0,0.45,2840
C3953,2,1,2,5,5,275,5490,833,0.3264,6.59,403,13.62,0.4838,14,35867,5270.4,6.81,2552
C8907,4,3,2,1,3,81,2430,112,0.0246,21.7,38,63.95,0.3393,8,6954,2551.5,2.73,4552
C2651,4,1,1,2,1,233,7280,156,0.0366,46.67,44,165.45,0.2821,25,3916,7061.6,0.55,4262
C8979,3,4,3,4,5,148,5700,1138,0.2254,5.01,438,13.01,0.3849,24,68766,5700.0,12.06,5048
C4191,3,4,3,5,4,72,9460,1780,0.5285,5.31,607,15.58,0.341,15,20031,9176.2,2.18,3368
C2210,3,1,2,3,4,133,4790,590,0.1765,8.12,413,11.6,0.7,15,45430,4742.1,9.58,3342
C7060,5,2,1,1,2,65,3110,1996,0.2248,1.56,1380,2.25,0.6914,30,117300,3078.9,38.1,8879
C8093,5,4,1,2,3,230,9800,91,0.0101,107.69,91,107.69,1.0,8,15743,10192.0,1.54,9009
C8593,1,4,1,3,1,186,3560,1845,0.4398,1.93,832,4.28,0.4509,28,59904,3382.0,17.71,4195
C8519,1,3,1,2,2,257,8800,1783,0.667,4.94,1557,5.65,0.8732,29,263133,8536.0,30.83,2673
C6299,4,1,1,2,3,239,3780,1181,0.153,3.2,682,5.54,0.5775,26,130944,3969.0,32.99,7718
C2684,1,3,3,1,3,157,8040,672,0.5758,11.96,316,25.44,0.4702,21,13588,8281.2,1.64,1167
C4397,3,1,1,4,1,106,3410,889,0.3087,3.84,584,5.84,0.6569,17,60152,3444.1,17.47,2879
C5998,2,4,1,5,1,73,4130,954,0.1741,4.33,741,5.57,0.7767,28,125229,4295.2,29.16,5479
C3731,4,3,3,2,2,180,7620,1824,0.2646,4.18,1172,6.5,0.6425,23,35160,7696.2,4.57,6893
C3867,3,1,2,1,2,69,4980,1184,0.3118,4.21,520,9.58,0.4392,26,72800,4830.6,15.07,3797
C5096,4,4,3,5,4,60,6320,1816,0.2728,3.48,922,6.85,0.5077,30,142910,6509.6,21.95,6656
C6811,2,2,3,5,4,319,9490,1834,0.6379,5.17,198,47.93,0.108,13,32076,9205.3,3.48,2875
C6306,5,4,2,3,1,289,6150,1694,0.2802,3.63,355,17.32,0.2096,26,31240,6150.0,5.08,6045
C7707,4,3,2,4,3,157,7780,1772,0.3083,4.39,1277,6.09,0.7207,10,130254,8169.0,15.94,5747
C3381,5,2,2,2,4,302,9320,390,0.0456,23.9,184,50.65,0.4718,16,17296,9692.8,1.78,8552
C9549,5,3,1,4,3,22,9030,1704,0.6349,5.3,882,10.24,0.5176,13,44982,9210.6,4.88,2683
C2492,1,3,1,1,3,229,5750,1377,0.9978,4.18,470,12.23,0.3413,7,73320,5462.5,13.42,1380
C7257,5,4,3,4,4,59,6120,1530,0.3998,4.0,1170,5.23,0.7647,11,215280,5997.6,35.89,3826
C7327,5,1,1,4,4,56,6420,781,0.2883,8.22,729,8.81,0.9334,24,139239,6355.8,21.91,2708
C8365,4,4,1,3,1,203,5980,349,0.0555,17.13,311,19.23,0.8911,25,57224,6279.0,9.11,6288
C5953,2,2,2,4,2,172,8730,681,0.125,12.82,554,15.76,0.8135,25,76452,9166.5,8.34,5448
C3081,2,3,2,2,5,53,2480,1475,0.2291,1.68,29,85.52,0.0197,18,2668,2405.6,1.11,6438
C5505,5,1,3,3,1,231,8960,968,0.2322,9.26,637,14.07,0.6581,12,35035,9139.2,3.83,4168
C2441,5,1,3,1,3,178,8710,305,0.1028,28.56,164,53.11,0.5377,23,5084,9145.5,0.56,2966
C6314,2,4,1,3,2,318,5210,714,0.1515,7.3,465,11.2,0.6513,10,51150,5001.6,10.23,4712
C5834,2,3,2,4,1,8,4940,969,0.1986,5.1,731,6.76,0.7544,13,116229,4841.2,24.01,4879
C4080,2,1,2,5,5,116,7340,488,0.2776,15.04,327,22.45,0.6701,16,47415,7340.0,6.46,1757
C5468,1,2,2,3,4,194,7020,68,0.0069,103.24,24,292.5,0.3529,27,2856,7020.0,0.41,9855
C6822,5,3,1,3,5,324,5300,754,0.1224,7.03,536,9.89,0.7109,20,57352,5459.0,10.51,6160
C3521,3,1,1,1,1,233,8800,1616,0.2981,5.45,852,10.33,0.5272,9,120984,8712.0,13.89,5420
C3725,3,3,3,5,2,334,8840,209,0.0444,42.3,39,226.67,0.1866,28,6357,8486.4,0.75,4707
C4257,2,4,1,4,3,206,2160,1846,0.2266,1.17,670,3.22,0.3629,11,44220,2052.0,21.55,8146
C2710,2,2,3,5,3,119,5760,1031,0.1827,5.59,933,6.17,0.9049,7,34521,5875.2,5.88,5643
C9247,5,3,3,4,4,155,4070,354,0.0377,11.5,215,18.93,0.6073,24,35475,4070.0,8.72,9389
C9280,3,4,3,1,5,327,9380,1395,0.2025,6.72,1376,6.82,0.9864,24,253184,9004.8,28.12,6888
C6381,2,1,1,2,5,316,5170,250,0.0271,20.68,171,30.23,0.684,10,27531,5273.4,5.22,9225
C5150,5,4,3,2,5,140,9450,1211,0.188,7.8,276,34.24,0.2279,7,34500,9072.0,3.8,6441
C2717,3,1,3,2,5,180,4920,643,0.1311,7.65,50,98.4,0.0778,14,6450,5018.4,1.29,4904
C5033,4,3,1,4,4,143,9490,1557,1.1373,6.1,296,32.06,0.1901,25,51208,9110.4,5.62,1369
C6173,4,1,3,2,2,163,9940,755,0.2569,13.17,441,22.54,0.5841,26,86877,9940.0,8.74,2938
C4854,3,3,2,4,3,196,7790,717,0.1391,10.86,647,12.04,0.9024,14,29115,7634.2,3.81,5154
C1497,4,2,1,3,3,58,5380,1797,0.547,2.99,246,21.87,0.1369,10,28536,5595.2,5.1,3285
C9982,5,4,1,5,5,224,4660,1452,0.1802,3.21,1265,3.68,0.8712,7,49335,4846.4,10.18,8057
C1283,5,4,3,3,5,43,3290,764,0.0786,4.31,291,11.31,0.3809,28,58200,3290.0,17.69,9720
C4136,4,4,1,2,3,133,7360,1103,0.6321,6.67,890,8.27,0.8069,24,116590,7360.0,15.84,1744
C4037,1,2,1,1,5,129,8180,1784,0.18,4.59,186,43.98,0.1043,25,5952,8589.0,0.69,9911
C7284,1,1,3,2,3,309,9270,1804,0.6056,5.14,1143,8.11,0.6336,20,99441,9270.0,10.73,2978
C6379,2,3,1,1,1,277,2320,821,0.0949,2.83,218,10.64,0.2655,21,12208,2227.2,5.48,8651
C8219,3,2,3,2,3,255,4270,437,0.0671,9.77,218,19.59,0.4989,22,31828,4312.7,7.38,6512
C9424,4,2,1,1,4,234,9820,201,0.0261,48.86,130,75.54,0.6468,14,11050,9918.2,1.11,7701
C1414,2,3,3,2,1,157,7850,1446,0.2259,5.43,211,37.2,0.1459,7,10339,8242.5,1.25,6401
C1317,4,3,2,1,5,214,9460,1478,0.1544,6.4,921,10.27,0.6231,19,160254,9270.8,17.29,9572
C5675,5,4,1,3,3,134,3760,743,0.0824,5.06,50,75.2,0.0673,21,6250,3760.0,1.66,9016
C4602,4,4,2,4,5,178,4000,1692,0.4561,2.36,1234,3.24,0.7293,14,144378,4080.0,35.39,3709
C8479,5,1,3,1,2,29,6330,283,0.191,22.37,84,75.36,0.2968,18,11928,6013.5,1.98,1481
C9364,1,1,1,5,3,281,2060,697,0.0713,2.96,596,3.46,0.8551,25,111452,2121.8,52.53,9775
C3227,1,4,3,2,4,42,7150,933,0.3523,7.66,907,7.88,0.9721,8,109747,7507.5,14.62,2648
C2057,5,4,1,2,3,297,3780,1629,0.8137,2.32,765,4.94,0.4696,7,31365,3893.4,8.06,2001
C5167,4,4,1,4,1,159,9620,114,0.0288,84.39,53,181.51,0.4649,19,6148,9235.2,0.67,3958
C4578,2,4,3,5,5,83,9840,1950,0.2719,5.05,691,14.24,0.3544,21,29022,9643.2,3.01,7171
C1187,2,3,3,3,1,77,3040,968,0.1794,3.14,659,4.61,0.6808,10,39540,3100.8,12.75,5395
C7175,3,3,1,1,5,164,8600,65,0.0113,132.31,42,204.76,0.6462,27,3066,8686.0,0.35,5752
C4107,3,3,3,4,5,49,5970,1780,0.1874,3.35,35,170.57,0.0197,29,3465,5850.6,0.59,9498
C6717,1,3,3,1,4,309,4900,787,0.113,6.23,634,7.73,0.8056,12,67204,4900.0,13.72,6964
C4255,2,1,2,5,2,243,5010,1783,0.2738,2.81,216,23.19,0.1211,10,15552,5210.4,2.98,6512
C9768,2,2,1,2,2,145,9610,356,0.0943,26.99,89,107.98,0.25,28,4628,9610.0,0.48,3775
C3049,5,3,3,3,2,58,5850,689,0.149,8.49,196,29.85,0.2845,7,29792,6084.0,4.9,4624
C4219,1,1,2,3,1,304,5820,1896,0.267,3.07,128,45.47,0.0675,11,9728,5529.0,1.76,7101
C8974,4,1,2,4,1,282,9790,763,0.0818,12.83,318,30.79,0.4168,28,17172,10279.5,1.67,9327
C1662,2,3,1,2,2,261,8440,1751,0.2021,4.82,871,9.69,0.4974,14,63583,8355.6,7.61,8664
C9053,5,2,2,4,3,322,9400,1962,0.3452,4.79,464,20.26,0.2365,28,76096,9306.0,8.18,5683
C7953,4,4,2,5,4,103,4100,482,0.0526,8.51,149,27.52,0.3091,19,16539,3895.0,4.25,9163
C6725,3,4,2,4,3,185,9430,519,0.144,18.17,460,20.5,0.8863,26,77280,9052.8,8.54,3604
C7311,3,1,1,5,2,228,3970,255,0.054,15.57,237,16.75,0.9294,25,21330,4089.1,5.22,4722
C2621,5,3,2,2,1,309,4300,83,0.0208,51.81,31,138.71,0.3735,7,3131,4128.0,0.76,3990
C2740,4,2,2,2,3,201,9090,1315,0.1744,6.91,264,34.43,0.2008,23,26400,9453.6,2.79,7540
C2099,1,3,2,3,3,92,3180,765,0.1483,4.16,486,6.54,0.6353,15,91854,3084.6,29.78,5158
C1084,1,4,1,4,4,84,8020,182,0.0258,44.07,23,348.7,0.1264,15,3726,7779.4,0.48,7054
C6744,3,3,2,5,5,177,8090,605,0.1012,13.37,308,26.27,0.5091,8,40964,7766.4,5.27,5978
C7831,4,1,1,4,1,88,6900,305,0.0363,22.62,104,66.35,0.341,26,5616,6693.0,0.84,8402
C5824,2,4,3,5,2,190,5350,1919,1.1457,2.79,1388,3.85,0.7233,17,145740,5510.5,26.45,1674
C5104,4,3,3,1,5,3,4830,180,0.0353,26.83,84,57.5,0.4667,17,9576,4781.7,2.0,5099
C4023,2,2,1,4,4,218,8600,593,0.0973,14.5,132,65.15,0.2226,16,4224,9030.0,0.47,6094
C9157,5,1,3,5,2,51,8820,910,0.8742,9.69,804,10.97,0.8835,22,77988,8467.2,9.21,1040
C3302,4,4,1,3,4,228,7120,1852,0.6754,3.84,904,7.88,0.4881,20,169952,7262.4,23.4,2742
C2103,1,3,2,2,3,121,4890,525,0.0789,9.31,193,25.34,0.3676,22,28564,4792.2,5.96,6653
C8033,2,4,1,2,3,76,3780,233,0.0465,16.22,94,40.21,0.4034,29,15322,3780.0,4.05,5010
C7315,4,4,1,5,2,288,6290,883,0.1647,7.12,407,15.45,0.4609,23,66748,5975.5,11.17,5361
C8114,1,3,2,1,3,49,6940,717,0.1474,9.68,341,20.35,0.4756,17,21483,7287.0,2.95,4864
C9125,3,1,1,3,2,3,6820,569,0.0638,11.99,186,36.67,0.3269,19,25668,6956.4,3.69,8918
C4469,5,3,2,1,3,83,2700,384,0.0714,7.03,172,15.7,0.4479,27,20124,2592.0,7.76,5378
C1444,1,2,1,3,3,125,7910,1520,0.7415,5.2,305,25.93,0.2007,19,57340,7910.0,7.25,2049
C5373,4,4,3,5,5,161,3100,533,0.2777,5.82,357,8.68,0.6698,24,68187,2976.0,22.91,1919
C2284,5,4,2,3,4,331,8750,1345,0.2035,6.51,270,32.41,0.2007,8,19170,8662.5,2.21,6609
C5932,4,3,2,1,5,141,9050,1356,0.1913,6.67,837,10.81,0.6173,30,32643,9412.0,3.47,7088
C1269,3,1,2,4,3,211,9680,1633,0.8157,5.93,653,14.82,0.3999,24,85543,10067.2,8.5,2001
C8433,3,1,1,1,2,180,9780,725,0.0734,13.49,584,16.75,0.8055,10,98696,9388.8,10.51,9877
C4957,1,1,3,1,5,133,2340,470,0.058,4.98,38,61.58,0.0809,29,6232,2410.2,2.59,8103
C6303,3,3,2,2,2,226,9900,1513,0.1692,6.54,1512,6.55,0.9993,12,175392,9999.0,17.54,8942
C6667,1,2,1,3,4,128,4250,1877,0.2694,2.26,315,13.49,0.1678,30,34965,4420.0,7.91,6967
C3885,3,4,1,5,1,153,3670,561,0.4456,6.54,10,367.0,0.0178,23,1540,3486.5,0.44,1258
C7293,1,3,3,2,3,111,4450,1899,0.2029,2.34,307,14.5,0.1617,24,52497,4361.0,12.04,9359
C1214,1,1,1,3,4,81,7260,1485,0.4104,4.89,1405,5.17,0.9461,27,126450,7477.8,16.91,3618
C3571,4,4,1,3,2,225,2570,1889,0.1984,1.36,340,7.56,0.18,27,28220,2621.4,10.77,9521
C9108,5,3,1,2,2,241,8440,401,0.07,21.05,258,32.71,0.6434,12,33540,8018.0,4.18,5728
C6011,4,3,3,5,2,80,2520,1060,0.2028,2.38,258,9.77,0.2434,23,36636,2570.4,14.25,5226
C7131,2,1,1,1,4,275,6820,1429,0.1432,4.77,692,9.86,0.4843,17,125944,7161.0,17.59,9979
C9947,5,1,1,2,1,103,7810,227,0.0237,34.41,173,45.14,0.7621,29,6401,8044.3,0.8,9578
C5359,5,3,2,3,4,25,7890,319,0.176,24.73,163,48.4,0.511,9,25428,7811.1,3.26,1812
C9481,4,4,1,3,4,285,8420,434,0.046,19.4,362,23.26,0.8341,18,11946,8167.4,1.46,9434
C6120,2,3,1,4,5,91,6220,1733,0.2771,3.59,1229,5.06,0.7092,21,106923,6282.2,17.02,6254
C9158,1,2,1,4,4,325,4920,189,0.0266,26.03,154,31.95,0.8148,22,29876,5116.8,5.84,7105
C8696,3,4,2,3,5,175,3850,1207,0.2009,3.19,306,12.58,0.2535,18,22644,3811.5,5.94,6007
C5073,4,1,1,4,5,205,2160,587,0.0884,3.68,438,4.93,0.7462,12,79716,2116.8,37.66,6640
C6703,3,4,1,2,1,248,4900,1429,0.1764,3.43,289,16.96,0.2022,7,40460,5145.0,7.86,8100
C8955,2,3,3,2,1,171,6740,537,0.0583,12.55,50,134.8,0.0931,16,2700,6537.8,0.41,9210
C5956,4,4,3,4,4,16,5180,1491,0.1646,3.47,1467,3.53,0.9839,18,281664,5180.0,54.38,9058
C9257,4,1,3,3,4,207,6730,1510,0.2319,4.46,1293,5.2,0.8563,22,98268,6999.2,14.04,6511
C5172,3,2,2,2,4,300,9460,1056,0.1091,8.96,589,16.06,0.5578,23,54188,9365.4,5.79,9679
C6616,1,1,3,2,3,82,4790,1592,0.2508,3.01,497,9.64,0.3122,30,55167,4742.1,11.63,6347
C4901,3,2,2,1,1,45,9520,235,0.0376,40.51,14,680.0,0.0596,8,2282,9329.6,0.24,6250
C3460,4,4,3,2,1,241,5620,1265,0.1738,4.44,21,267.62,0.0166,14,2835,5844.8,0.49,7278
C1550,1,2,3,2,4,142,3190,1692,0.2007,1.89,1396,2.29,0.8251,21,83760,3190.0,26.26,8430
C9385,3,1,3,2,4,34,7920,1375,0.1758,5.76,174,45.52,0.1265,15,19836,8078.4,2.46,7821
C7499,4,1,1,3,5,173,2930,146,0.0383,20.07,50,58.6,0.3425,10,3700,2842.1,1.3,3812
C3295,1,1,2,4,4,36,4380,1644,0.2757,2.66,1252,3.5,0.7616,21,57592,4248.6,13.56,5963
C3899,5,4,3,4,4,228,7130,958,0.1071,7.44,573,12.44,0.5981,12,72198,7272.6,9.93,8944
C2428,3,1,3,4,2,72,2370,260,0.1226,9.12,30,79.0,0.1154,15,5460,2322.6,2.35,2120
C3410,4,3,3,2,3,311,2590,1291,0.1318,2.01,392,6.61,0.3036,23,23520,2538.2,9.27,9795
C2682,3,4,1,4,3,141,6510,1777,0.3739,3.66,964,6.75,0.5425,19,68444,6835.5,10.01,4752
C1149,4,2,1,4,3,284,2440,1771,0.2563,1.38,47,51.91,0.0265,13,1645,2464.4,0.67,6909
C3731,3,1,3,4,2,271,5880,898,0.0908,6.55,266,22.11,0.2962,30,33250,5762.4,5.77,9889
C8833,3,4,1,5,4,317,4300,956,0.12,4.5,640,6.72,0.6695,29,99200,4257.0,23.3,7966
C3638,2,1,2,4,4,161,3880,1880,0.9131,2.06,1223,3.17,0.6505,30,99063,3802.4,26.05,2058
C4338,5,3,1,5,3,110,7190,292,0.0638,24.62,256,28.09,0.8767,28,48896,7549.5,6.48,4576
C6752,3,4,1,5,1,105,5720,388,0.044,14.74,141,40.57,0.3634,30,26226,5434.0,4.83,8818
C3932,4,1,2,2,2,38,7400,571,0.2837,12.96,417,17.75,0.7303,24,57963,7622.0,7.6,2012
C5539,5,2,3,2,5,38,2820,1893,0.8929,1.49,1374,2.05,0.7258,7,193734,2904.6,66.7,2120
C3363,3,1,1,1,4,134,7500,1324,0.1383,5.66,740,10.14,0.5589,12,59940,7575.0,7.91,9573
C7188,4,4,3,1,4,268,6160,1464,0.5579,4.21,349,17.65,0.2384,9,21638,6344.8,3.41,2624
C3702,5,1,2,3,5,6,9060,665,0.094,13.62,561,16.15,0.8436,7,33099,9422.4,3.51,7074
C9268,3,3,3,3,5,333,3640,955,0.1729,3.81,544,6.69,0.5696,25,75616,3822.0,19.78,5523
C2970,1,1,3,2,4,100,5950,684,0.1187,8.7,211,28.2,0.3085,14,11605,6128.5,1.89,5762
C6942,4,3,1,3,4,199,5780,838,0.2374,6.9,682,8.48,0.8138,27,75702,5491.0,13.79,3529
C6297,1,3,3,5,4,18,8750,1793,0.3259,4.88,1058,8.27,0.5901,8,86756,8750.0,9.91,5501
C9090,5,4,2,5,2,171,5740,1571,0.697,3.65,1052,5.46,0.6696,16,143072,5912.2,24.2,2253
C3450,5,1,3,1,2,177,9080,200,0.0258,45.4,77,117.92,0.385,26,13552,8898.4,1.52,7751
C9143,1,2,3,4,4,308,4530,577,0.0678,7.85,166,27.29,0.2877,9,13446,4530.0,2.97,8510
C7579,1,4,2,4,3,304,9310,1584,0.4761,5.88,710,13.11,0.4482,24,58220,9030.7,6.45,3327
C2635,4,4,2,3,2,193,9900,1517,0.5366,6.53,719,13.77,0.474,8,114321,10098.0,11.32,2827
C9636,4,4,3,5,2,275,3420,1101,0.264,3.11,1076,3.18,0.9773,10,76396,3420.0,22.34,4170
C5359,3,4,3,1,5,268,4750,1322,0.2481,3.59,1147,4.14,0.8676,23,153698,4797.5,32.04,5328
C6827,5,4,2,5,3,193,2520,911,0.2751,2.77,508,4.96,0.5576,11,101092,2494.8,40.52,3311
C7162,1,2,3,5,5,316,7210,225,0.1143,32.04,17,424.12,0.0756,11,1989,7498.4,0.27,1968
C9487,2,2,2,4,3,121,5850,392,0.0627,14.92,73,80.14,0.1862,8,12410,5557.5,2.23,6251
C1404,4,2,1,4,3,314,4970,1943,0.2683,2.56,186,26.72,0.0957,10,18786,4771.2,3.94,7241
C7167,5,1,2,2,1,90,3610,1314,0.1527,2.75,684,5.28,0.5205,24,82080,3682.2,22.29,8605
C5765,5,2,1,5,5,269,2070,347,0.0459,5.97,151,13.71,0.4352,9,14798,2070.0,7.15,7559
C8598,2,4,3,2,3,128,5140,1285,0.1314,4.0,664,7.74,0.5167,16,21248,4934.4,4.31,9779
C7285,2,1,2,4,3,326,8870,1202,0.293,7.38,691,12.84,0.5749,24,102959,8426.5,12.22,4102
C8511,1,1,1,3,1,85,7560,904,0.2306,8.36,887,8.52,0.9812,25,163208,7938.0,20.56,3920
C6999,5,3,3,3,2,82,9160,1334,0.1715,6.87,19,482.11,0.0142,21,3648,9251.6,0.39,7778
C7645,3,2,2,3,1,281,6670,777,0.4584,8.58,201,33.18,0.2587,7,22713,6469.9,3.51,1695
C5782,2,2,1,1,5,325,6690,408,0.1429,16.4,321,20.84,0.7868,15,21186,6489.3,3.26,2855
C7738,5,4,3,1,1,192,3500,1395,0.3259,2.51,177,19.77,0.1269,9,13452,3570.0,3.77,4280
C9821,5,3,1,3,1,261,9400,1741,0.2261,5.4,514,18.29,0.2952,16,67848,9118.0,7.44,7700
C5108,4,1,2,3,5,191,5240,1736,0.388,3.02,1613,3.25,0.9291,21,248402,5135.2,48.37,4474
C4524,3,2,1,3,3,71,8760,390,0.1711,22.46,166,52.77,0.4256,17,15438,8497.2,1.82,2279
C8689,3,4,2,2,1,65,5740,1683,0.4309,3.41,1002,5.73,0.5954,21,91182,5453.0,16.72,3905
C4510,3,4,3,1,5,268,2670,267,0.216,10.0,253,10.55,0.9476,10,20240,2616.6,7.74,1236
C1739,1,4,2,4,4,287,4520,881,0.1416,5.13,78,57.95,0.0885,24,4368,4610.4,0.95,6221
C2962,2,1,1,4,2,114,3550,1448,0.1509,2.45,1268,2.8,0.8757,7,45648,3479.0,13.12,9595
C2934,1,2,1,4,1,302,3600,751,0.1244,4.79,304,11.84,0.4048,24,24624,3780.0,6.51,6036
C7251,1,2,1,4,5,168,2400,624,0.4548,3.85,475,5.05,0.7612,27,71250,2328.0,30.61,1372
C2717,4,2,2,5,5,63,8480,1244,0.3967,6.82,935,9.07,0.7516,29,105655,8056.0,13.12,3135
C4204,2,2,1,4,2,48,9140,433,0.0539,21.11,67,136.42,0.1547,29,2680,9597.0,0.28,8033
C7879,2,2,2,4,3,36,4600,1989,0.2464,2.31,532,8.65,0.2675,13,98420,4784.0,20.57,8072
C8192,5,4,2,3,5,103,4190,1293,0.4052,3.24,1076,3.89,0.8322,21,157096,4022.4,39.06,3191
C8384,5,2,2,1,3,319,6630,931,0.1991,7.12,476,13.93,0.5113,13,19040,6563.7,2.9,4676
C8473,4,2,2,3,2,144,7090,631,0.2207,11.24,460,15.41,0.729,11,45540,7373.6,6.18,2859
C5468,4,1,3,4,5,282,9700,1123,0.2337,8.64,912,10.64,0.8121,7,76608,9312.0,8.23,4805
C6459,1,1,1,3,5,73,6840,918,0.1259,7.45,676,10.12,0.7364,12,122356,7045.2,17.37,7291
C1795,2,4,3,3,4,110,6900,1883,0.2058,3.66,197,35.03,0.1046,29,16154,7245.0,2.23,9149
C6858,4,2,3,5,3,302,9960,1747,0.1972,5.7,540,18.44,0.3091,8,80460,10258.8,7.84,8859
C5457,2,3,3,1,4,35,4390,137,0.0168,32.04,37,118.65,0.2701,11,7030,4390.0,1.6,8154
C6715,4,3,3,5,4,109,3450,1325,1.1116,2.6,375,9.2,0.283,11,60750,3346.5,18.15,1191
C8175,2,2,3,3,2,85,3520,1644,0.6244,2.14,1237,2.85,0.7524,18,141018,3555.2,39.67,2632
C8313,5,4,1,4,4,95,4470,1273,0.1615,3.51,1109,4.03,0.8712,25,136407,4380.6,31.14,7882
C6429,2,4,1,1,4,181,5320,1433,0.2535,3.71,182,29.23,0.127,8,20748,5586.0,3.71,5652
C6366,5,2,2,3,1,50,2200,1975,1.7026,1.11,792,2.78,0.401,14,83160,2156.0,38.57,1159
C2108,3,4,2,2,4,234,3890,1423,0.1823,2.73,855,4.55,0.6008,14,119700,3890.0,30.77,7805
C2439,1,1,2,3,3,37,5210,524,0.0611,9.94,263,19.81,0.5019,23,38135,5470.5,6.97,8576
C9899,1,4,2,3,1,289,6040,312,0.2342,19.36,294,20.54,0.9423,7,52038,6160.8,8.45,1332
C8258,4,4,1,1,2,98,5410,1857,0.2067,2.91,1070,5.06,0.5762,19,191530,5193.6,36.88,8984
C4606,4,1,3,1,2,328,2630,503,0.1065,5.23,334,7.87,0.664,10,28390,2524.8,11.24,4723
C9813,1,1,2,4,5,129,2160,702,0.1137,3.08,431,5.01,0.614,12,39221,2160.0,18.16,6174
C2298,4,2,3,4,2,164,5730,497,0.0692,11.53,321,17.85,0.6459,8,41730,5730.0,7.28,7182
C8676,2,2,1,4,5,38,7590,1556,0.2244,4.88,458,16.57,0.2943,7,70532,7286.4,9.68,6934
C2738,2,2,2,4,4,211,9300,825,0.0837,11.27,714,13.03,0.8655,26,99960,9207.0,10.86,9856
C3114,2,1,3,4,4,67,8180,1156,0.1889,7.08,228,35.88,0.1972,28,43548,7934.6,5.49,6119
C5327,2,3,1,3,3,333,8320,1417,0.5329,5.87,308,27.01,0.2174,17,38192,8569.6,4.46,2659
C8026,4,4,2,5,1,159,8830,1535,0.2441,5.75,441,20.02,0.2873,7,62622,8918.3,7.02,6288
C4487,4,3,2,4,3,52,4340,860,0.1003,5.05,19,228.42,0.0221,21,2489,4513.6,0.55,8574
C9199,2,1,2,5,2,208,6830,1513,1.3655,4.51,76,89.87,0.0502,25,13452,6898.3,1.95,1108
C8090,4,1,3,4,2,318,3080,1413,0.1445,2.18,110,28.0,0.0778,9,20570,3018.4,6.81,9778
C1630,5,1,1,3,1,330,2450,295,0.0414,8.31,243,10.08,0.8237,18,39123,2523.5,15.5,7125
C1925,2,1,2,2,4,292,4570,853,0.0959,5.36,571,8.0,0.6694,15,56529,4615.7,12.25,8894
C5875,1,3,2,4,2,25,9680,630,0.0806,15.37,17,569.41,0.027,23,663,9486.4,0.07,7816
C6988,3,1,1,2,4,126,8390,515,0.1152,16.29,143,58.67,0.2777,29,27885,8390.0,3.32,4470
C2258,1,3,2,1,1,1,6770,82,0.0086,82.56,75,90.27,0.9146,24,11625,6431.5,1.81,9534
C5241,4,3,2,5,4,16,3020,1293,0.2654,2.34,831,3.63,0.6427,13,124650,3050.2,40.87,4871
C9165,3,4,1,5,4,236,6960,1255,0.1389,5.55,1125,6.19,0.8964,9,43875,6960.0,6.3,9035
C8049,2,3,3,2,2,58,7810,365,0.0519,21.4,158,49.43,0.4329,10,22120,8200.5,2.7,7032
C4035,2,3,1,5,1,47,4180,239,0.0358,17.49,153,27.32,0.6402,7,20655,4012.8,5.15,6675
C9173,1,1,2,4,5,70,8160,1388,0.4085,5.88,139,58.71,0.1001,29,14317,7752.0,1.85,3397
C7687,4,2,1,2,3,118,9080,415,0.1203,21.88,151,60.13,0.3639,30,6946,8626.0,0.81,3449
C3628,5,1,1,5,5,116,8170,1302,0.6045,6.27,1192,6.85,0.9155,22,127544,7924.9,16.09,2153
C9623,3,4,1,1,3,81,6050,378,0.038,16.01,18,336.11,0.0476,23,2880,5868.5,0.49,9947
C8240,2,3,2,1,1,225,9460,1828,0.4627,5.18,1041,9.09,0.5695,14,125961,9460.0,13.32,3950
C5836,3,4,2,2,1,21,3560,703,0.0807,5.06,567,6.28,0.8065,30,96390,3382.0,28.5,8711
C9381,2,4,1,1,1,273,6180,308,0.0934,20.06,277,22.31,0.8994,16,30193,5994.6,5.04,3297
C1049,4,2,1,4,1,276,7690,1775,0.3241,4.33,179,42.96,0.1008,23,19690,7305.5,2.7,5476
C7472,2,4,2,4,3,104,4350,912,0.1377,4.77,735,5.92,0.8059,11,127155,4350.0,29.23,6623
C8290,2,1,1,2,1,15,7590,716,0.093,10.6,475,15.98,0.6634,28,66025,7514.1,8.79,7698
C2226,4,2,1,3,4,303,2880,1161,0.3454,2.48,873,3.3,0.7519,9,96903,2822.4,34.33,3361
C3689,2,3,3,2,1,133,4360,922,0.0969,4.73,575,7.58,0.6236,19,108100,4185.6,25.83,9514
C2771,2,1,2,5,4,4,5640,1753,0.1945,3.22,122,46.23,0.0696,16,8052,5922.0,1.36,9012
C7194,3,4,3,1,5,247,2370,1021,0.1268,2.32,80,29.62,0.0784,21,14800,2346.3,6.31,8052
C1200,4,3,1,2,5,61,3100,1362,0.9834,2.28,390,7.95,0.2863,29,61230,3038.0,20.15,1384
C6836,1,3,3,5,2,87,9990,1825,0.192,5.47,22,454.09,0.0121,13,1210,9590.4,0.13,9505
C6926,2,4,1,2,2,171,3170,1646,0.309,1.93,1482,2.14,0.9004,10,195624,3138.3,62.33,5326
C9240,4,2,3,3,2,241,5780,153,0.1171,37.78,26,222.31,0.1699,28,4784,5722.2,0.84,1306
C7751,2,3,1,5,4,302,9850,908,0.2651,10.85,128,76.95,0.141,12,22400,9653.0,2.32,3425
C3358,2,4,2,5,5,291,4400,1469,1.3665,3.0,472,9.32,0.3213,9,71744,4444.0,16.14,1075
C7878,1,2,1,3,1,31,9090,1165,0.1638,7.8,1064,8.54,0.9133,9,43624,9453.6,4.61,7112
C5220,2,4,2,4,4,54,5330,645,0.108,8.26,380,14.03,0.5891,10,38380,5223.4,7.35,5972
C2657,1,2,3,3,3,272,9230,1547,0.2176,5.97,1081,8.54,0.6988,18,63779,9691.5,6.58,7109
C6375,3,3,3,2,3,186,4210,395,0.1511,10.66,276,15.25,0.6987,22,40848,4294.2,9.51,2614
C9433,5,1,2,3,3,20,9540,777,0.1507,12.28,121,78.84,0.1557,13,10164,9253.8,1.1,5155
C3313,3,2,1,3,5,56,5060,472,0.0474,10.72,416,12.16,0.8814,21,78624,5211.8,15.09,9957
C7903,1,1,3,1,5,242,6820,1503,0.6737,4.54,659,10.35,0.4385,13,44153,6615.4,6.67,2230
C3456,5,4,3,2,4,290,5850,877,0.0942,6.67,529,11.06,0.6032,17,58719,6142.5,9.56,9309
C5439,5,3,3,3,5,47,9130,1659,0.1726,5.5,1550,5.89,0.9343,21,300700,9221.3,32.61,9611
C8842,1,4,1,1,3,21,2060,1000,0.11,2.06,602,3.42,0.602,12,70434,1998.2,35.25,9090
C3479,1,2,2,4,5,142,3520,1001,0.3055,3.52,952,3.7,0.951,8,104720,3414.4,30.67,3276
C8774,5,2,3,1,2,294,5710,1009,0.1505,5.66,1002,5.7,0.9931,20,185370,5652.9,32.79,6704
C6699,2,4,2,3,1,163,6510,1944,1.7851,3.35,328,19.85,0.1687,21,46576,6835.5,6.81,1089
C4621,1,3,3,1,4,18,7880,527,0.4524,14.95,369,21.36,0.7002,8,60885,7722.4,7.88,1164
C1848,4,4,3,5,3,13,6490,322,0.0731,20.16,133,48.8,0.413,10,8911,6165.5,1.45,4404
C6429,3,4,3,3,4,132,5850,333,0.0578,17.57,71,82.39,0.2132,28,12496,5674.5,2.2,5761
C6111,5,3,2,4,2,5,7580,1552,0.1737,4.88,594,12.76,0.3827,17,65340,7807.4,8.37,8934
C6456,1,4,1,4,5,101,2670,710,0.4587,3.76,591,4.52,0.8324,16,63828,2670.0,23.91,1547
C6035,5,2,2,3,3,113,6650,1189,0.1306,5.59,373,17.83,0.3137,13,34316,6783.0,5.06,9104
C3362,4,2,1,1,5,139,5710,1391,0.2069,4.1,1263,4.52,0.908,30,42942,5995.5,7.16,6723
C3387,5,3,2,1,5,251,6430,1357,0.1367,4.74,647,9.94,0.4768,19,108049,6108.5,17.69,9926
C8533,4,2,1,5,3,5,4750,126,0.0173,37.7,15,316.67,0.119,24,1680,4560.0,0.37,7283
C2939,3,1,2,3,4,199,3520,1231,0.9038,2.86,947,3.72,0.7693,7,154361,3484.8,44.3,1362
C1156,2,3,3,4,1,196,9360,229,0.1842,40.87,108,86.67,0.4716,13,8100,8985.6,0.9,1243
C2767,1,3,2,5,2,178,8230,225,0.0698,36.58,220,37.41,0.9778,15,24200,7983.1,3.03,3223
C5928,5,1,3,5,3,157,7530,981,0.4171,7.68,217,34.7,0.2212,8,26474,7605.3,3.48,2351
C2763,1,1,2,3,5,92,5210,542,0.19,9.61,267,19.51,0.4926,14,51264,5157.9,9.94,2852
C3209,1,1,1,4,4,132,9360,248,0.068,37.74,202,46.34,0.8145,13,31310,9828.0,3.19,3647
C1656,5,4,2,4,3,260,5380,1184,0.2057,4.54,363,14.82,0.3066,22,59169,5272.4,11.22,5755
C3794,5,2,2,5,5,89,7540,141,0.0174,53.48,95,79.37,0.6738,28,9405,7163.0,1.31,8103
C4156,1,3,3,3,2,57,9400,1647,0.357,5.71,1015,9.26,0.6163,9,192850,9024.0,21.37,4613
C3846,1,1,1,1,1,21,5000,1784,1.6783,2.8,1185,4.22,0.6642,11,104280,5100.0,20.45,1062
C7114,5,4,2,1,3,284,5650,1156,0.223,4.89,885,6.38,0.7656,13,152220,5876.0,25.91,5183
C6882,1,2,1,5,5,151,2430,1922,0.3174,1.26,194,12.53,0.1009,18,29682,2430.0,12.21,6055
C9366,2,1,3,3,1,8,3320,99,0.0183,33.54,44,75.45,0.4444,29,2596,3452.8,0.75,5409
C4637,1,1,2,3,3,314,3410,657,0.171,5.19,82,41.59,0.1248,28,4182,3546.4,1.18,3842
C6727,1,3,1,3,3,164,8800,1727,0.2575,5.1,734,11.99,0.425,10,67528,8448.0,7.99,6706
C9915,2,3,1,4,3,239,4500,995,0.1024,4.52,417,10.79,0.4191,15,79647,4275.0,18.63,9716
C7861,5,1,2,1,3,321,5000,1971,0.4888,2.54,1512,3.31,0.7671,15,198072,4800.0,41.27,4032
C9652,4,4,3,2,2,76,4250,1982,0.3358,2.14,98,43.37,0.0494,28,18816,4335.0,4.34,5902
C4568,4,4,1,1,1,207,8740,1679,0.1941,5.21,460,19.0,0.274,18,87400,9177.0,9.52,8650
C7036,4,2,2,2,4,252,3970,1653,0.32,2.4,418,9.5,0.2529,25,22154,3930.3,5.64,5165
C2847,2,4,3,3,1,303,4590,1470,0.2036,3.12,961,4.78,0.6537,14,77841,4681.8,16.63,7220
C3633,5,1,2,3,3,126,3170,276,0.035,11.49,174,18.22,0.6304,11,6438,3106.6,2.07,7885
C6532,5,1,3,3,1,222,8490,1462,0.2141,5.81,77,110.26,0.0527,9,2387,8150.4,0.29,6828
C7171,1,1,3,4,2,235,6750,123,0.0698,54.88,20,337.5,0.1626,16,3720,6615.0,0.56,1762
C8680,1,2,2,2,3,266,8630,1032,0.1566,8.36,875,9.86,0.8479,30,152250,8198.5,18.57,6590
C4282,1,2,1,3,5,210,3000,190,0.0288,15.79,167,17.96,0.8789,13,14696,3120.0,4.71,6597
C1443,2,1,1,2,1,7,3010,1109,0.7272,2.71,1013,2.97,0.9134,25,86105,2889.6,29.8,1525
C6593,2,3,1,2,4,277,6850,236,0.0275,29.03,48,142.71,0.2034,11,7488,6918.5,1.08,8581
C7547,5,3,3,3,1,228,2620,812,0.0891,3.23,430,6.09,0.5296,29,26230,2489.0,10.54,9113
C6634,1,3,1,5,3,51,4280,623,0.0876,6.87,331,12.93,0.5313,11,42699,4365.6,9.78,7111
C4626,1,2,3,4,5,67,5960,109,0.0142,54.68,20,298.0,0.1835,28,1260,6019.6,0.21,7676
C7132,4,4,1,4,5,60,6540,312,0.0501,20.96,276,23.7,0.8846,20,26772,6670.8,4.01,6227
C5390,2,3,1,2,2,71,9800,1029,0.4919,9.52,615,15.93,0.5977,14,92865,9408.0,9.87,2091
C6840,1,1,3,2,4,27,6510,1156,0.1698,5.63,1089,5.98,0.942,28,217800,6835.5,31.86,6808
C1614,3,3,3,5,2,10,2990,1273,0.2963,2.35,160,18.69,0.1257,9,26240,2840.5,9.24,4296
C6054,4,3,2,2,2,174,3060,1192,0.9675,2.57,511,5.99,0.4287,18,89425,3090.6,28.93,1232
C8542,2,2,2,1,2,138,4820,1035,0.274,4.66,498,9.68,0.4812,22,84660,4723.6,17.92,3777
C2802,4,3,1,2,1,83,4470,1616,0.7841,2.77,189,23.65,0.117,15,11529,4514.7,2.55,2060
C3686,2,4,2,3,5,324,3420,355,0.0502,9.63,32,106.88,0.0901,11,1440,3454.2,0.42,7071
C9031,4,2,3,5,1,47,5250,1387,0.1713,3.79,306,17.16,0.2206,24,11934,5302.5,2.25,8096
C9127,3,4,3,1,3,198,9270,790,0.1247,11.73,652,14.22,0.8253,20,74980,8991.9,8.34,6335
C3769,4,3,2,4,5,184,6210,512,0.0991,12.13,199,31.21,0.3887,22,38208,6334.2,6.03,5166
C3775,2,2,3,1,1,83,8720,715,0.1595,12.2,423,20.61,0.5916,19,57951,8807.2,6.58,4482
C8123,1,1,1,4,4,136,6420,1875,0.2032,3.42,1238,5.19,0.6603,19,246362,6484.2,37.99,9227
C6281,5,3,2,3,2,296,2300,875,0.2291,2.63,251,9.16,0.2869,24,15562,2323.0,6.7,3819
C4443,3,2,2,4,2,75,3150,1393,0.3078,2.26,570,5.53,0.4092,11,19950,3276.0,6.09,4525
C8018,4,2,2,3,1,288,5930,64,0.0064,92.66,37,160.27,0.5781,10,4884,5692.8,0.86,10000
C9486,2,2,1,4,2,70,4770,1219,0.2655,3.91,590,8.08,0.484,19,90860,4817.7,18.86,4591
C9053,3,3,3,4,3,256,4670,249,0.1424,18.76,118,39.58,0.4739,17,22656,4529.9,5.0,1748
C2451,4,1,3,1,3,5,3430,50,0.0209,68.6,16,214.38,0.32,15,656,3498.6,0.19,2392
C4562,1,1,3,2,1,87,6820,1638,0.4583,4.16,1330,5.13,0.812,7,93100,7092.8,13.13,3574
C2122,4,2,1,1,4,156,9850,1252,0.1961,7.87,400,24.62,0.3195,27,38400,9751.5,3.94,6384
C2836,4,1,2,3,5,256,8530,1994,0.241,4.28,1043,8.18,0.5231,22,38591,8103.5,4.76,8273
C9075,3,3,2,4,5,115,5560,919,0.7936,6.05,34,163.53,0.037,21,5576,5337.6,1.04,1158
C2555,2,3,2,2,5,303,5330,718,0.1254,7.42,497,10.72,0.6922,18,43239,5543.2,7.8,5725
C5539,3,2,3,3,1,325,5060,971,0.2113,5.21,403,12.56,0.415,25,51987,5110.6,10.17,4595
C6575,2,1,3,4,5,90,4880,432,0.0523,11.3,428,11.4,0.9907,18,14552,4782.4,3.04,8260
C4525,4,1,2,5,5,12,3150,1236,0.2179,2.55,333,9.46,0.2694,20,42624,3276.0,13.01,5672
C9155,1,2,2,3,2,6,2980,1595,0.4894,1.87,778,3.83,0.4878,15,49014,3009.8,16.28,3259
C5279,3,4,2,4,1,98,3800,1578,0.19,2.41,1208,3.15,0.7655,22,192072,3648.0,52.65,8305
C7947,5,4,2,3,4,69,4850,1755,0.1994,2.76,65,74.62,0.037,22,7215,4898.5,1.47,8801
C7706,3,3,1,2,2,228,4500,195,0.0276,23.08,109,41.28,0.559,21,21473,4275.0,5.02,7065
C4321,2,2,3,1,3,64,8660,976,0.1211,8.87,332,26.08,0.3402,23,27556,8400.2,3.28,8059
C7396,5,4,1,5,3,204,3180,1526,0.2265,2.08,1011,3.15,0.6625,16,89979,3084.6,29.17,6737
C2842,4,1,3,5,2,170,4540,984,0.1494,4.61,936,4.85,0.9512,22,46800,4494.6,10.41,6586
C9396,2,2,1,2,4,241,4820,204,0.0343,23.63,176,27.39,0.8627,16,7744,4820.0,1.61,5947
C5946,1,2,1,4,4,140,8420,1985,0.833,4.24,1086,7.75,0.5471,15,99912,8841.0,11.3,2382
C6327,1,2,1,5,5,212,4040,1943,0.6782,2.08,981,4.12,0.5049,7,155979,4080.4,38.23,2864
C8089,3,3,2,3,4,254,6490,468,0.0745,13.87,415,15.64,0.8868,7,73455,6425.1,11.43,6281
C9690,5,1,1,1,2,299,7160,938,0.1042,7.63,530,13.51,0.565,21,56710,7231.6,7.84,9001
C2312,1,2,3,3,1,277,5200,1650,0.1831,3.15,1073,4.85,0.6503,10,109446,5096.0,21.48,9011
C5263,3,3,1,1,2,139,4540,188,0.0491,24.15,161,28.2,0.8564,14,20447,4403.8,4.64,3828
C9749,2,1,2,5,5,205,6900,410,0.0827,16.83,107,64.49,0.261,19,19260,7038.0,2.74,4957
C9990,2,2,1,1,5,119,4590,521,0.3127,8.81,397,11.56,0.762,30,69872,4360.5,16.02,1666
C7488,1,2,3,2,4,265,8620,1266,0.1609,6.81,943,9.14,0.7449,20,128248,8706.2,14.73,7868
C5896,1,2,3,3,2,90,7530,110,0.0386,68.45,108,69.72,0.9818,15,15336,7605.3,2.02,2849
C1179,1,3,1,2,2,261,5180,642,0.0722,8.07,570,9.09,0.8879,9,84360,5231.8,16.12,8891
C5246,2,3,1,1,2,318,6200,1712,0.1859,3.62,1367,4.54,0.7985,24,170875,5952.0,28.71,9209
C8003,1,2,1,4,4,126,7140,1225,0.2091,5.83,168,42.5,0.1371,24,15792,6997.2,2.26,5858
C2739,4,3,1,3,1,14,5200,84,0.018,61.9,30,173.33,0.3571,14,5220,5252.0,0.99,4666
C7985,2,2,2,4,4,26,9480,77,0.0238,123.12,67,141.49,0.8701,28,10988,9669.6,1.14,3235
C5803,2,4,3,5,2,181,4790,1117,0.3214,4.29,673,7.12,0.6025,20,29612,4694.2,6.31,3475
C4848,1,2,1,4,3,273,7960,997,0.171,7.98,168,47.38,0.1685,27,30912,7562.0,4.09,5830
C7073,5,1,3,4,3,249,6030,1409,0.1547,4.28,921,6.55,0.6537,20,184200,6030.0,30.55,9107
C3177,5,2,3,4,1,86,9090,1769,0.2635,5.14,1606,5.66,0.9079,21,276232,8817.3,31.33,6713
C8683,4,2,2,5,1,243,6980,104,0.0185,67.12,45,155.11,0.4327,29,2295,7329.0,0.31,5621
C6119,3,2,1,4,5,224,4960,1807,0.556,2.74,47,105.53,0.026,21,8319,4860.8,1.71,3249
C4126,4,2,3,2,5,247,2130,518,0.0521,4.11,32,66.56,0.0618,23,5920,2023.5,2.93,9942
C7290,3,1,2,2,4,191,6070,1051,0.1978,5.78,447,13.58,0.4253,8,16539,6070.0,2.72,5313
C4977,2,2,1,5,3,58,5300,909,0.1209,5.83,422,12.56,0.4642,29,16458,5565.0,2.96,7518
C7571,2,2,2,5,3,25,7530,760,0.2116,9.91,383,19.66,0.5039,27,45194,7755.9,5.83,3591
C9725,3,3,1,2,2,191,5860,728,0.0827,8.05,112,52.32,0.1538,9,20272,5625.6,3.6,8802
C1839,2,2,2,4,4,45,8380,677,0.0784,12.38,370,22.65,0.5465,17,44400,8296.2,5.35,8635
C5814,3,2,1,2,4,239,9390,1201,0.2143,7.82,1086,8.65,0.9042,26,42354,9108.3,4.65,5604
C5221,2,3,3,4,5,282,5640,1713,0.3231,3.29,272,20.74,0.1588,12,42976,5809.2,7.4,5301
C1773,4,4,2,4,1,283,8620,602,0.2565,14.32,200,43.1,0.3322,15,20000,8878.6,2.25,2346
C2910,1,3,2,1,4,131,6480,1643,0.7404,3.94,615,10.54,0.3743,20,87330,6544.8,13.34,2219
C4597,4,1,3,2,3,181,4620,1537,0.1852,3.01,83,55.66,0.054,26,13363,4666.2,2.86,8299
C5599,4,2,2,1,3,285,7500,208,0.0333,36.06,194,38.66,0.9327,9,20564,7575.0,2.71,6246
C7037,4,3,2,2,4,61,4650,840,0.4805,5.54,80,58.12,0.0952,19,9120,4650.0,1.96,1748
C9467,4,2,1,4,1,180,5840,399,0.0533,14.64,185,31.57,0.4637,19,22385,5723.2,3.91,7485
C9701,4,3,3,3,4,300,7020,1976,0.1999,3.55,842,8.34,0.4261,23,159980,7090.2,22.56,9884
C3666,3,2,1,1,3,155,8680,1258,0.1416,6.9,393,22.09,0.3124,24,74277,9114.0,8.15,8884
C9462,1,1,3,5,4,243,4930,967,0.349,5.1,650,7.58,0.6722,20,61100,5176.5,11.8,2770
C5704,2,1,3,1,5,24,3940,1721,0.2653,2.29,1690,2.33,0.982,19,253500,4097.6,61.87,6486
C1792,3,2,1,4,1,189,7830,738,0.0931,10.61,31,252.58,0.042,25,4960,8221.5,0.6,7926
C2315,5,1,1,2,1,194,3010,443,0.0619,6.79,420,7.17,0.9481,11,52920,2949.8,17.94,7156
C6735,2,1,2,1,1,139,8250,201,0.0219,41.04,54,152.78,0.2687,10,2916,7837.5,0.37,9178
C8747,1,1,3,5,3,180,3030,1019,0.1163,2.97,999,3.03,0.9804,18,128871,3060.3,42.11,8761
C3665,1,1,3,2,1,245,9880,1653,0.2979,5.98,739,13.37,0.4471,18,147061,10374.0,14.18,5548
C6915,1,3,1,5,1,238,8770,925,0.1095,9.48,719,12.2,0.7773,24,27322,8945.4,3.05,8447
C7347,2,1,1,2,1,209,7180,1786,0.4162,4.02,818,8.78,0.458,25,39264,7539.0,5.21,4291
C9107,1,1,3,4,1,188,8600,490,0.0768,17.55,291,29.55,0.5939,12,34338,8514.0,4.03,6380
C3996,2,4,1,2,2,57,8490,931,0.1557,9.12,129,65.81,0.1386,24,15351,8829.6,1.74,5979
C8642,5,2,1,3,2,72,8870,1089,0.4692,8.15,506,17.53,0.4646,25,36432,9136.1,3.99,2320
C5426,2,3,1,5,5,97,5660,1199,0.1398,4.72,158,35.82,0.1318,15,15010,5829.8,2.57,8576
C1729,4,4,1,3,4,270,9960,259,0.0265,38.46,15,664.0,0.0579,8,2370,9960.0,0.24,9773
C8156,3,4,3,2,4,70,5980,925,0.1718,6.46,920,6.5,0.9946,19,99360,6099.6,16.29,5384
C8618,2,1,3,5,3,273,6930,682,0.1677,10.16,552,12.55,0.8094,14,109296,6583.5,16.6,4066
C4514,2,3,3,4,4,13,2100,841,0.1703,2.5,286,7.34,0.3401,19,25454,2163.0,11.77,4938
C3583,1,1,2,3,2,179,8390,472,0.1753,17.78,471,17.81,0.9979,20,67353,8725.6,7.72,2692
C9909,1,4,3,2,1,11,6260,1944,0.9624,3.22,449,13.94,0.231,10,75432,6322.6,11.93,2019
C9506,5,2,3,3,5,334,5990,1886,0.5007,3.18,38,157.63,0.0201,27,3192,5750.4,0.56,3766
C1568,1,2,3,1,2,168,3440,1268,0.3572,2.71,863,3.99,0.6806,7,25890,3336.8,7.76,3549
C2988,4,2,3,5,2,286,6760,1713,0.3567,3.95,1374,4.92,0.8021,22,107172,6827.6,15.7,4802
C1179,4,1,2,4,2,304,8220,1831,0.3991,4.49,1002,8.2,0.5472,25,121242,7891.2,15.36,4587
C1926,2,1,1,1,5,236,9080,996,0.165,9.12,222,40.9,0.2229,20,13320,8716.8,1.53,6036
C5567,2,4,3,4,5,192,6110,578,0.1296,10.57,358,17.07,0.6194,15,66230,5804.5,11.41,4459
C2273,5,4,2,4,3,125,5760,145,0.074,39.72,46,125.22,0.3172,17,3680,5990.4,0.61,1959
C3826,2,1,3,3,1,70,7590,1706,1.2665,4.45,272,27.9,0.1594,15,53584,7741.8,6.92,1347
C2366,5,2,2,1,3,66,7580,297,0.0472,25.52,259,29.27,0.8721,8,48433,7504.2,6.45,6292
C1164,2,4,2,3,5,213,2150,1066,0.2405,2.02,541,3.97,0.5075,15,27591,2085.5,13.23,4432
C4920,3,2,2,2,5,333,2120,1613,0.3722,1.31,941,2.25,0.5834,7,52696,2056.4,25.63,4333
C2431,3,2,1,4,5,172,6260,1272,0.1528,4.92,375,16.69,0.2948,15,63750,6322.6,10.08,8324
C6662,3,2,2,5,1,101,6360,1922,0.2338,3.31,350,18.17,0.1821,16,19950,6232.8,3.2,8220
C2429,5,3,2,1,2,152,8330,964,0.1971,8.64,950,8.77,0.9855,15,125400,8330.0,15.05,4890
C8551,5,4,1,2,1,102,5120,1179,0.2177,4.34,616,8.31,0.5225,9,78848,5171.2,15.25,5415
C8414,4,3,3,5,4,102,6200,981,0.8299,6.32,148,41.89,0.1509,20,16872,5890.0,2.86,1182
C7440,3,4,1,1,4,128,7380,1015,0.188,7.27,704,10.48,0.6936,17,39424,7675.2,5.14,5398
C8716,1,3,1,4,1,312,6250,371,0.0515,16.85,200,31.25,0.5391,20,20800,6312.5,3.3,7203
C5275,1,3,1,2,4,237,9220,787,0.0833,11.72,104,88.65,0.1321,15,4264,8851.2,0.48,9447
C3412,1,1,1,4,4,126,9460,187,0.039,50.59,70,135.14,0.3743,18,7420,9838.4,0.75,4794
C5670,4,3,2,5,2,94,6300,511,0.0779,12.33,410,15.37,0.8023,10,19680,6174.0,3.19,6559
C7395,3,3,2,5,1,295,7680,1531,0.2582,5.02,566,13.57,0.3697,20,49242,7526.4,6.54,5929
C2731,5,1,1,3,2,51,3640,432,0.0678,8.43,119,30.59,0.2755,24,13566,3494.4,3.88,6371
C6433,2,3,2,5,4,183,7380,1788,0.4158,4.13,43,171.63,0.024,28,6794,7453.8,0.91,4300
C8255,4,3,1,1,2,323,3440,137,0.0199,25.11,72,47.78,0.5255,27,8064,3612.0,2.23,6884
C1268,5,4,1,3,5,263,7760,485,0.2418,16.0,312,24.87,0.6433,20,24024,7992.8,3.01,2005
C5077,5,4,1,1,4,6,8930,1732,0.3702,5.16,244,36.6,0.1409,21,30256,8572.8,3.53,4678
C4648,1,2,2,2,2,76,9470,1397,0.2902,6.78,1289,7.35,0.9227,30,250066,9470.0,26.41,4813
C2466,2,3,3,3,3,223,2180,272,0.0774,8.01,169,12.9,0.6213,24,10985,2092.8,5.25,3514
C6212,4,1,3,4,3,261,2220,292,0.0856,7.6,113,19.65,0.387,18,15707,2242.2,7.01,3411
C9010,4,4,3,5,4,42,4940,1190,0.1878,4.15,901,5.48,0.7571,9,109922,5137.6,21.4,6336
C5106,1,1,2,4,1,116,7730,1763,0.1908,4.38,899,8.6,0.5099,12,35960,7498.1,4.8,9240
C3994,1,2,1,5,5,168,7590,676,0.2502,11.23,64,118.59,0.0947,14,5632,7969.5,0.71,2701
C6538,4,4,2,4,2,242,6880,541,0.078,12.72,504,13.65,0.9316,17,74592,6742.4,11.06,6935
C2696,5,3,2,5,1,134,4010,421,0.0797,9.52,407,9.85,0.9667,16,39479,4130.3,9.56,5282
C2662,4,2,2,5,5,226,7540,901,0.174,8.37,24,314.17,0.0266,16,2400,7690.8,0.31,5178
C4282,1,4,2,4,3,126,5350,1110,0.8333,4.82,550,9.73,0.4955,26,50600,5136.0,9.85,1332
C3968,2,3,1,1,4,317,7540,1992,0.2542,3.79,1285,5.87,0.6451,30,223590,7389.2,30.26,7836
C2176,5,3,1,3,1,321,2050,578,0.0831,3.55,321,6.39,0.5554,19,37236,1968.0,18.92,6955
C6493,3,1,1,2,5,184,5640,1202,0.2997,4.69,1045,5.4,0.8694,18,199595,5640.0,35.39,4010
C1526,3,1,2,4,4,69,2370,1176,0.1668,2.02,908,2.61,0.7721,27,83536,2441.1,34.22,7050
C5357,4,4,1,2,2,23,7650,209,0.0249,36.6,33,231.82,0.1579,11,4851,7420.5,0.65,8393
C7147,5,1,3,1,2,169,9670,1548,0.197,6.25,368,26.28,0.2377,21,72864,9186.5,7.93,7857
C1755,3,1,3,3,1,280,7350,595,0.0749,12.35,413,17.8,0.6941,29,58233,7203.0,8.08,7943
C5315,5,2,3,4,1,86,7820,1902,0.2032,4.11,355,22.03,0.1866,13,42955,7585.4,5.66,9360
C1955,5,2,2,4,2,122,3640,364,0.0795,10.0,325,11.2,0.8929,19,33800,3494.4,9.67,4578
C2099,4,3,3,1,5,290,9920,1498,0.4889,6.62,598,16.59,0.3992,11,99268,9920.0,10.01,3064
C9787,2,1,3,3,5,56,5050,1300,0.1532,3.88,585,8.63,0.45,8,111735,5201.5,21.48,8485
C9991,5,4,3,1,3,44,8440,1598,0.1716,5.28,423,19.95,0.2647,10,69372,8524.4,8.14,9312
C1249,3,4,2,3,1,188,7220,1447,0.3421,4.99,176,41.02,0.1216,21,13728,6931.2,1.98,4229
C3289,4,4,2,3,3,130,5430,438,0.0575,12.4,289,18.79,0.6598,22,49708,5212.8,9.54,7617
C3249,4,1,3,4,3,150,7740,1770,0.9214,4.37,619,12.5,0.3497,25,34045,7430.4,4.58,1920
C6980,4,3,2,1,5,171,6090,509,0.113,11.96,142,42.89,0.279,9,13774,6394.5,2.15,4504
C2751,1,1,2,5,1,30,2390,571,0.1271,4.19,61,39.18,0.1068,23,3477,2366.1,1.47,4492
C6646,2,1,3,5,2,206,8900,1585,0.6915,5.62,1065,8.36,0.6719,28,208740,8900.0,23.45,2292
C2838,3,3,3,1,5,61,2080,1653,0.6981,1.26,166,12.53,0.1004,14,31706,2100.8,15.09,2367
C1202,5,1,3,2,1,216,4960,1847,0.4136,2.69,1270,3.91,0.6876,27,67310,5009.6,13.44,4465
C6554,4,2,2,1,5,252,4270,1318,0.5422,3.24,1225,3.49,0.9294,11,180075,4355.4,41.35,2430
C6282,3,2,1,3,1,141,4160,1619,0.355,2.57,253,16.44,0.1563,13,50600,4160.0,12.16,4560
C3287,4,3,2,5,2,31,5350,822,0.1814,6.51,759,7.05,0.9234,26,115368,5243.0,22.0,4531
C3336,1,1,3,5,2,165,9310,613,0.0633,15.19,552,16.87,0.9005,13,105984,9030.7,11.74,9684
C2203,4,3,2,5,4,322,8220,1234,0.2241,6.66,281,29.25,0.2277,10,22761,8548.8,2.66,5506
C5305,2,4,3,3,5,220,2510,1038,0.1915,2.42,816,3.08,0.7861,29,121584,2510.0,48.44,5420
C5375,2,4,2,3,2,12,5350,1756,0.5388,3.05,624,8.57,0.3554,22,28080,5510.5,5.1,3259
C6556,3,2,1,2,5,116,4380,1689,0.329,2.59,543,8.07,0.3215,18,86880,4292.4,20.24,5133
C5378,5,1,2,3,5,101,9670,644,0.0685,15.02,335,28.87,0.5202,16,35510,9379.9,3.79,9401
C8714,5,1,1,5,5,89,6760,1000,0.3929,6.76,452,14.96,0.452,13,13560,6557.2,2.07,2545
C2782,3,3,3,3,1,25,2150,333,0.0922,6.46,313,6.87,0.9399,18,36621,2064.0,17.74,3611
C1809,5,2,3,4,5,4,3980,574,0.1132,6.93,96,41.46,0.1672,22,15168,4139.2,3.66,5070
C5763,1,1,3,4,2,98,8430,1685,0.3692,5.0,902,9.35,0.5353,7,62238,8261.4,7.53,4563
C6911,4,4,2,1,2,230,4150,472,0.1196,8.79,225,18.44,0.4767,7,27450,4274.5,6.42,3946
C4570,4,1,3,5,5,15,4530,467,0.282,9.7,44,102.95,0.0942,9,6556,4394.1,1.49,1656
C8939,3,2,2,1,5,241,3640,199,0.0356,18.29,127,28.66,0.6382,14,4445,3530.8,1.26,5589
C9017,1,4,3,5,4,87,9430,1906,0.3258,4.95,798,11.82,0.4187,22,75012,9807.2,7.65,5850
C3559,3,4,2,1,3,286,6920,1450,0.671,4.77,1115,6.21,0.769,26,81395,6850.8,11.88,2160
C2586,2,4,3,4,5,151,8550,619,0.0797,13.81,89,96.07,0.1438,20,8277,8464.5,0.98,7766
C8329,5,2,2,4,4,26,3580,1171,0.6761,3.06,699,5.12,0.5969,27,51027,3580.0,14.25,1731
C2140,4,2,2,4,3,41,3960,1307,0.2528,3.03,1041,3.8,0.7965,26,200913,3841.2,52.3,5170
C3666,3,3,2,4,4,237,6110,1969,0.3327,3.1,557,10.97,0.2829,25,90234,6415.5,14.06,5918
C5211,4,2,1,3,1,245,4160,352,0.0619,11.82,44,94.55,0.125,27,3784,4201.6,0.9,5686
C3270,3,2,2,2,4,11,2320,1096,0.6841,2.12,914,2.54,0.8339,13,77690,2250.4,34.52,1602
C7625,5,2,1,5,1,301,7680,1684,0.2532,4.56,321,23.93,0.1906,24,35310,7910.4,4.46,6650
C4187,2,4,3,1,4,38,7960,453,0.1515,17.57,343,23.21,0.7572,8,41160,8358.0,4.92,2990
C1613,1,3,3,3,2,72,6150,681,0.1637,9.03,314,19.59,0.4611,18,27632,5842.5,4.73,4160
C7767,3,4,2,5,5,257,8580,1797,0.2305,4.77,258,33.26,0.1436,17,38700,8837.4,4.38,7796
C4627,5,3,1,4,2,69,3600,1263,0.2753,2.85,920,3.91,0.7284,9,103960,3672.0,28.31,4587
C5910,5,4,3,4,2,71,7160,293,0.2169,24.44,291,24.6,0.9932,17,49179,7374.8,6.67,1350
C2193,2,2,1,5,5,166,7990,219,0.0355,36.48,214,37.34,0.9772,8,28034,7910.1,3.54,6169
C3002,2,3,1,4,3,241,7530,696,0.131,10.82,292,25.79,0.4195,30,19856,7379.4,2.69,5312
C1714,1,1,2,4,4,312,3890,72,0.017,54.03,62,62.74,0.8611,15,9114,3773.3,2.42,4235
C3181,2,2,3,5,2,16,2290,1707,0.8242,1.34,1372,1.67,0.8037,10,223636,2381.6,93.9,2071
C3848,5,4,3,5,2,135,8440,607,0.1262,13.9,407,20.74,0.6705,22,32560,8440.0,3.86,4809
C3617,2,2,1,1,3,213,9460,654,0.1244,14.46,177,53.45,0.2706,25,22656,9838.4,2.3,5257
C3628,4,2,2,5,2,199,8500,1283,0.4722,6.63,486,17.49,0.3788,18,39366,8160.0,4.82,2717
C5194,2,3,3,2,2,329,9170,842,0.5946,10.89,776,11.82,0.9216,24,97000,9078.3,10.68,1416
C6303,4,4,3,3,1,7,5130,795,0.1424,6.45,732,7.01,0.9208,19,125904,4924.8,25.57,5582
C9923,3,1,1,5,2,71,2280,1262,0.4507,1.81,1048,2.18,0.8304,8,143576,2280.0,62.97,2800
C7305,1,1,1,3,3,85,2530,452,0.0932,5.6,433,5.84,0.958,25,52826,2454.1,21.53,4849
C5101,1,3,1,3,4,78,2950,1392,0.8561,2.12,811,3.64,0.5826,29,90021,2891.0,31.14,1625
C5380,2,3,1,4,2,19,3340,1333,0.5452,2.51,35,95.43,0.0263,26,5985,3306.6,1.81,2444
C3881,1,3,3,3,4,19,3440,68,0.0091,50.59,47,73.19,0.6912,25,1833,3405.6,0.54,7472
C9517,5,3,3,2,1,82,9290,1266,0.6349,7.34,612,15.18,0.4834,20,94860,8825.5,10.75,1994
C9729,2,3,2,4,1,195,7620,1704,0.351,4.47,385,19.79,0.2259,23,27335,7696.2,3.55,4854
C1166,2,3,1,1,5,124,6090,652,0.1578,9.34,13,468.46,0.0199,17,1170,6090.0,0.19,4131
C2125,1,2,2,1,1,175,6060,515,0.0824,11.77,71,85.35,0.1379,14,12851,5757.0,2.23,6250
C1322,2,2,2,1,4,74,6520,1798,0.3926,3.63,1391,4.69,0.7736,11,141882,6780.8,20.92,4579
C2527,4,2,2,3,1,27,6750,682,0.1256,9.9,451,14.97,0.6613,10,16687,6817.5,2.45,5429
C3307,2,1,1,2,3,11,4270,83,0.0662,51.45,43,99.3,0.5181,23,4859,4312.7,1.13,1253
C7981,1,1,2,1,1,70,9140,788,0.1477,11.6,167,54.73,0.2119,13,17368,9414.2,1.84,5335
C9712,3,2,3,5,4,154,7900,593,0.1857,13.32,120,65.83,0.2024,10,5640,8216.0,0.69,3193
C2659,5,3,1,4,4,194,9790,1658,0.9793,5.9,833,11.75,0.5024,10,161602,10279.5,15.72,1693
C1416,4,1,3,3,4,213,7770,206,0.0261,37.72,192,40.47,0.932,12,13632,7536.9,1.81,7892
C7312,5,4,3,1,3,200,4300,373,0.0814,11.53,249,17.27,0.6676,10,29880,4085.0,7.31,4582
C4863,1,4,3,3,1,303,5420,156,0.018,34.74,30,180.67,0.1923,29,5880,5311.6,1.11,8666
C5915,1,2,2,4,3,299,7140,1346,0.1769,5.3,854,8.36,0.6345,17,43554,6783.0,6.42,7608
C2755,4,4,2,2,5,13,6430,803,0.0987,8.01,300,21.43,0.3736,12,60000,6301.4,9.52,8135
C3274,2,3,1,1,4,163,4190,143,0.0174,29.3,15,279.33,0.1049,26,1485,4273.8,0.35,8218
C9336,3,4,3,1,4,9,8920,877,0.1751,10.17,659,13.54,0.7514,29,83693,8741.6,9.57,5008
C7706,1,2,3,1,4,13,8280,301,0.2155,27.51,137,60.44,0.4551,14,6713,8445.6,0.79,1396
C5506,1,4,3,2,3,177,9120,73,0.0087,124.93,71,128.45,0.9726,13,7739,8664.0,0.89,8390
C9504,2,4,2,2,1,41,8420,1632,0.2896,5.16,565,14.9,0.3462,16,79100,8672.6,9.12,5635
C7424,4,2,2,5,3,253,9830,907,0.277,10.84,761,12.92,0.839,16,110345,9338.5,11.82,3274
C3850,3,3,3,5,2,32,4470,393,0.0607,11.37,372,12.02,0.9466,28,41292,4470.0,9.24,6474
C2037,1,4,2,1,5,182,7260,376,0.0386,19.31,281,25.84,0.7473,23,50580,7405.2,6.83,9740
C3898,1,4,3,1,3,61,6920,919,0.1401,7.53,538,12.86,0.5854,11,98992,7196.8,13.76,6559
C8132,4,1,1,3,4,251,7730,617,0.0826,12.53,487,15.87,0.7893,21,45291,7575.4,5.98,7469
C6970,2,2,1,2,4,187,2320,1150,0.1631,2.02,626,3.71,0.5443,13,71364,2412.8,29.58,7050
C1346,2,3,3,1,2,185,9680,1908,0.2538,5.07,1276,7.59,0.6688,21,81664,9486.4,8.61,7517
C4931,3,3,3,4,3,320,3620,1212,0.1299,2.99,943,3.84,0.7781,16,62238,3656.2,17.02,9330
C7542,4,3,2,2,2,51,5450,1763,0.1996,3.09,1006,5.42,0.5706,29,140840,5395.5,26.1,8832
C9122,2,4,3,5,5,332,2830,1522,0.1729,1.86,818,3.46,0.5375,20,141514,2971.5,47.62,8802
C9824,1,4,3,5,5,280,4120,506,0.3452,8.14,158,26.08,0.3123,30,21646,4243.6,5.1,1465
C7655,1,3,1,2,2,215,3940,899,0.1384,4.38,864,4.56,0.9611,29,47520,4137.0,11.49,6495
C4386,5,3,3,4,4,112,4640,1763,1.0463,2.63,238,19.5,0.135,27,28798,4547.2,6.33,1684
C6062,1,4,3,1,3,74,3080,1435,0.4814,2.15,1257,2.45,0.876,10,248886,2987.6,83.31,2980
C1696,3,3,1,4,1,131,9870,121,0.0135,81.57,47,210.0,0.3884,20,6439,9968.7,0.65,8962
C6702,5,4,3,2,4,244,2770,204,0.0296,13.58,93,29.78,0.4559,8,4278,2880.8,1.49,6891
C9503,1,1,3,2,1,274,5380,1970,0.2074,2.73,954,5.64,0.4843,17,74412,5272.4,14.11,9498
C4579,4,3,2,2,2,46,7460,1720,1.7183,4.34,749,9.96,0.4355,24,36701,7833.0,4.69,1000
C6148,4,4,2,5,5,293,3750,340,0.2484,11.03,304,12.34,0.8941,14,49552,3637.5,13.62,1368
C5460,5,3,2,1,3,94,4860,1025,0.1701,4.74,166,29.28,0.162,14,27888,4860.0,5.74,6025
C5405,1,1,1,3,4,250,3970,228,0.0443,17.41,142,27.96,0.6228,24,13774,3850.9,3.58,5146
C7002,3,4,1,1,2,92,8010,1321,0.4913,6.06,627,12.78,0.4746,30,100947,8330.4,12.12,2688
C8749,2,4,2,5,1,196,4320,448,0.055,9.64,233,18.54,0.5201,22,15145,4320.0,3.51,8145
C1159,1,3,1,5,1,232,7120,1240,0.2158,5.74,648,10.99,0.5226,24,31104,7404.8,4.2,5746
C3330,4,3,2,1,2,190,5340,1364,0.1475,3.91,1323,4.04,0.9699,14,218295,5340.0,40.88,9247
C3773,4,4,1,4,2,93,9740,401,0.0407,24.29,322,30.25,0.803,23,13524,10227.0,1.32,9852
C7803,3,4,3,4,3,190,2950,775,0.1823,3.81,245,12.04,0.3161,27,37240,2979.5,12.5,4251
C2258,3,4,2,2,3,309,9350,1936,0.4211,4.83,1503,6.22,0.7763,26,129258,9069.5,14.25,4597
C6999,4,2,3,5,3,199,5400,1824,0.8736,2.96,898,6.01,0.4923,23,124822,5184.0,24.08,2087
C4133,3,2,3,4,4,324,3060,1142,0.1352,2.68,858,3.57,0.7513,23,94380,2907.0,32.47,8446
C4395,4,4,3,5,1,129,8860,228,0.026,38.86,131,67.63,0.5746,15,9694,8948.6,1.08,8769
C5301,2,1,2,1,4,185,4420,976,0.3232,4.53,225,19.64,0.2305,20,43200,4420.0,9.77,3019
C8608,2,1,3,5,2,219,4230,1419,0.2083,2.98,1356,3.12,0.9556,12,178992,4356.9,41.08,6812
C2080,5,2,3,3,1,234,9490,555,0.1774,17.1,21,451.9,0.0378,12,1953,9869.6,0.2,3128
C4466,1,2,2,4,1,89,6710,1477,0.3872,4.54,1001,6.7,0.6777,22,87087,6844.2,12.72,3814
C5467,4,1,2,2,2,96,2290,1227,0.1705,1.87,500,4.58,0.4075,28,24500,2404.5,10.19,7196
C8284,2,2,1,2,3,2,9860,1494,0.2037,6.6,749,13.16,0.5013,27,131075,9860.0,13.29,7334
C4909,2,3,2,4,5,56,8120,1580,0.3446,5.14,30,270.67,0.019,27,2490,7795.2,0.32,4585
C6513,3,3,3,5,3,284,5630,1788,0.1933,3.15,1196,4.71,0.6689,16,232024,5686.3,40.8,9249
C7199,4,1,2,2,1,67,6590,1888,0.2803,3.49,723,9.11,0.3829,8,73746,6260.5,11.78,6735
C5781,5,2,1,4,4,297,4790,999,0.2408,4.79,417,11.49,0.4174,28,80481,4981.6,16.16,4148
C4414,4,3,2,2,2,36,8220,1629,1.0376,5.05,321,25.61,0.1971,9,40446,8384.4,4.82,1569
C8092,5,2,3,5,4,305,4310,689,0.1186,6.26,576,7.48,0.836,30,46080,4137.6,11.14,5809
C3515,4,4,3,1,3,149,3990,1876,0.3705,2.13,1474,2.71,0.7857,12,241736,4029.9,59.99,5063
C1302,1,2,3,4,3,136,8000,952,0.3066,8.4,610,13.11,0.6408,18,97600,8080.0,12.08,3105
C3038,1,4,2,3,1,170,8610,844,0.1056,10.2,65,132.46,0.077,14,10855,8351.7,1.3,7992
C1172,3,1,2,4,2,99,9560,1347,0.2986,7.1,320,29.88,0.2376,18,29760,9368.8,3.18,4511
C4068,2,1,2,4,5,148,3420,546,0.0574,6.26,312,10.96,0.5714,12,19344,3420.0,5.66,9512
C9608,4,2,3,4,5,191,2960,1676,0.1995,1.77,251,11.79,0.1498,15,47188,2989.6,15.78,8401
C5732,2,3,2,5,1,109,2910,673,0.1908,4.32,657,4.43,0.9762,25,30879,2851.8,10.83,3527
C3443,4,4,2,1,5,253,8680,1857,0.363,4.67,1752,4.95,0.9435,17,129648,9114.0,14.23,5115
C5953,3,2,3,1,2,192,9000,1338,0.2519,6.73,877,10.26,0.6555,29,31572,9360.0,3.37,5311
C6631,4,2,3,2,3,36,9410,1915,0.2125,4.91,1209,7.78,0.6313,28,163215,9033.6,18.07,9011
C7633,4,2,1,1,5,183,2940,1192,0.1921,2.47,681,4.32,0.5713,12,82401,2793.0,29.5,6205
C5159,1,4,2,3,4,36,4350,724,0.0944,6.01,114,38.16,0.1575,10,14250,4567.5,3.12,7669
C9450,1,3,3,4,5,211,2970,1937,0.2312,1.53,847,3.51,0.4373,16,69454,3118.5,22.27,8378
C3621,2,4,3,4,4,243,6180,905,0.1009,6.83,369,16.75,0.4077,11,46125,6303.6,7.32,8969
C3313,4,1,3,3,1,160,5360,857,0.7388,6.25,509,10.53,0.5939,17,86530,5252.8,16.47,1159
C2304,5,4,1,1,4,51,8380,1321,0.2309,6.34,787,10.65,0.5958,21,110180,8463.8,13.02,5721
C1496,3,4,3,3,4,61,3620,314,0.0371,11.53,238,15.21,0.758,16,21420,3692.4,5.8,8463
C5301,5,4,2,3,5,162,8220,1562,0.2432,5.26,1366,6.02,0.8745,9,132502,7973.4,16.62,6422
C6000,1,1,1,3,4,106,7460,692,0.0731,10.78,553,13.49,0.7991,18,74102,7236.2,10.24,9466
C4513,3,3,1,2,1,94,2270,1083,0.36,2.1,672,3.38,0.6205,7,60480,2360.8,25.62,3008
C9316,3,4,1,5,1,271,3980,1707,0.5331,2.33,1675,2.38,0.9813,21,108875,4139.2,26.3,3202
C9282,5,1,1,3,2,12,4220,386,0.1051,10.93,28,150.71,0.0725,18,1736,4220.0,0.41,3672
C2129,5,4,1,4,2,51,2140,428,0.2129,5.0,47,45.53,0.1098,27,6486,2054.4,3.16,2010
C8897,4,3,3,5,5,7,2540,1546,0.1954,1.64,339,7.49,0.2193,11,18645,2514.6,7.41,7911
C6985,4,2,3,1,1,314,4760,1175,0.1654,4.05,124,38.39,0.1055,20,12648,4760.0,2.66,7103
C9929,2,3,3,2,3,49,9260,781,0.0837,11.86,391,23.68,0.5006,10,15640,9352.6,1.67,9330
C7271,4,1,3,1,2,177,7140,1989,1.1477,3.59,121,59.01,0.0608,19,12705,6854.4,1.85,1733
C1337,2,2,1,2,2,301,3900,274,0.0567,14.23,67,58.21,0.2445,17,5360,3783.0,1.42,4832
C7277,3,1,3,3,3,10,2220,822,0.1075,2.7,685,3.24,0.8333,21,56855,2220.0,25.61,7646
C4867,5,2,3,1,5,256,7890,1692,0.2423,4.66,1002,7.87,0.5922,26,190380,7890.0,24.13,6983
C1530,2,1,2,5,4,224,8300,1784,0.1886,4.65,1495,5.55,0.838,24,198835,8466.0,23.49,9459
C3244,1,2,2,1,5,255,8720,1076,0.3021,8.1,1055,8.27,0.9805,9,200450,8720.0,22.99,3561
C9116,1,4,1,5,1,269,6960,1937,0.2914,3.59,1264,5.51,0.6526,22,44240,7168.8,6.17,6647
C4858,5,3,2,2,5,320,8110,811,0.291,10.0,471,17.22,0.5808,15,44745,8353.3,5.36,2786
C9627,1,3,3,5,5,55,6950,1466,0.2378,4.74,264,26.33,0.1801,22,12144,7089.0,1.71,6164
C4595,5,3,2,2,5,223,4540,1797,0.2351,2.53,1135,4.0,0.6316,26,143010,4403.8,32.47,7643
C3279,4,2,3,2,3,135,6780,567,0.1181,11.96,553,12.26,0.9753,27,48664,6983.4,6.97,4801
C4107,2,1,1,4,3,157,8580,182,0.032,47.14,130,66.0,0.7143,11,12480,8665.8,1.44,5687
C5074,2,3,2,3,3,232,4060,146,0.0285,27.81,88,46.14,0.6027,27,15312,4019.4,3.81,5122
C9572,4,1,1,2,2,203,8940,1995,0.4019,4.48,1469,6.09,0.7363,7,89609,8671.8,10.33,4963
C5777,3,1,2,2,5,66,3480,543,0.1302,6.41,384,9.06,0.7072,19,15360,3584.4,4.29,4170
C3335,1,2,3,4,1,314,4570,1072,0.1265,4.26,496,9.21,0.4627,12,86304,4661.4,18.51,8474
C8084,1,3,3,4,3,4,9400,734,0.5239,12.81,279,33.69,0.3801,7,11997,9212.0,1.3,1401
C6713,1,3,2,2,5,85,7830,1051,0.1107,7.45,709,11.04,0.6746,29,128329,8143.2,15.76,9494
C9375,1,3,2,1,1,301,4700,1883,0.2638,2.5,202,23.27,0.1073,29,10908,4559.0,2.39,7137
C7232,2,4,3,2,5,203,4360,1766,0.3298,2.47,17,256.47,0.0096,12,765,4578.0,0.17,5354
C7210,5,4,2,4,3,226,7880,310,0.0453,25.42,203,38.82,0.6548,13,8323,7958.8,1.05,6843
C9495,2,2,3,2,3,114,5890,841,0.1731,7.0,506,11.64,0.6017,15,34408,5713.3,6.02,4858
C4588,2,3,1,5,1,148,3420,1001,0.1485,3.42,366,9.34,0.3656,20,49410,3556.8,13.89,6740
C5788,1,1,1,1,3,51,7840,465,0.1949,16.86,121,64.79,0.2602,13,22506,7604.8,2.96,2385
C1941,5,2,1,5,5,275,5250,50,0.0061,105.0,37,141.89,0.74,21,5476,5302.5,1.03,8196
C8697,3,3,1,5,3,169,3310,1432,0.2642,2.31,584,5.67,0.4078,17,89936,3243.8,27.73,5420
C6716,1,2,1,4,2,224,8830,1303,0.1452,6.78,941,9.38,0.7222,15,122330,8388.5,14.58,8973
C4176,5,1,1,2,4,209,5920,1362,0.3036,4.35,111,53.33,0.0815,16,14208,5979.2,2.38,4486
C9240,3,1,3,1,5,262,2720,1253,0.2487,2.17,865,3.14,0.6903,21,55360,2747.2,20.15,5038
C5548,4,2,2,5,4,190,3750,1466,0.164,2.56,850,4.41,0.5798,22,117300,3562.5,32.93,8939
C7090,3,4,1,3,1,143,3340,654,0.2195,5.11,511,6.54,0.7813,19,57232,3239.8,17.67,2979
C2877,1,2,1,4,5,86,9280,1877,1.2017,4.94,1476,6.29,0.7864,27,123984,9651.2,12.85,1561
C1768,4,3,1,2,3,317,2180,660,0.3307,3.3,21,103.81,0.0318,11,3150,2071.0,1.52,1995
C3904,3,1,1,2,3,112,7310,1907,1.1614,3.83,844,8.66,0.4426,8,59080,7310.0,8.08,1641
C6315,5,4,2,5,2,233,9540,441,0.0927,21.63,335,28.48,0.7596,7,61975,9063.0,6.84,4757
C1205,3,4,1,1,5,34,2030,809,0.0826,2.51,105,19.33,0.1298,27,10080,2131.5,4.73,9794
C3516,3,4,3,4,5,193,8740,1264,0.1546,6.91,734,11.91,0.5807,21,27892,8303.0,3.36,8175
C2591,1,1,1,1,4,305,9970,452,0.0843,22.06,257,38.79,0.5686,15,29041,10468.5,2.77,5361
C6317,5,1,2,3,1,69,7700,545,0.0627,14.13,421,18.29,0.7725,27,72833,7931.0,9.18,8692
C4872,1,2,1,2,2,185,8280,1790,0.3517,4.63,806,10.27,0.4503,22,108004,8197.2,13.18,5089
C4193,1,3,1,2,1,206,6630,689,0.1552,9.62,584,11.35,0.8476,28,30952,6364.8,4.86,4439
C6242,1,3,3,3,3,296,9170,1005,0.183,9.12,199,46.08,0.198,13,20099,9170.0,2.19,5491
C7151,1,2,1,3,4,211,9790,1964,0.2852,4.98,1432,6.84,0.7291,16,111696,9790.0,11.41,6886
C2982,4,2,2,5,2,244,5280,1143,1.1239,4.62,750,7.04,0.6562,26,30750,5332.8,5.77,1016
C4697,4,2,1,3,5,139,4510,302,0.0468,14.93,15,300.67,0.0497,11,1845,4374.7,0.42,6452
C8156,3,3,1,4,2,45,5160,279,0.0287,18.49,77,67.01,0.276,13,8624,5418.0,1.59,9721
C1670,3,3,1,1,1,232,4540,868,0.2362,5.23,173,26.24,0.1993,9,21625,4630.8,4.67,3674
C5090,2,3,2,4,3,74,6640,1838,1.1059,3.61,1607,4.13,0.8743,13,136595,6706.4,20.37,1661
C2853,2,3,1,4,3,289,3600,914,0.5807,3.94,840,4.29,0.919,26,47880,3708.0,12.91,1573
C1814,4,1,2,2,4,34,7350,274,0.0899,26.82,182,40.38,0.6642,14,20202,7276.5,2.78,3047
C4964,1,4,2,2,5,118,6610,65,0.0156,101.69,44,150.23,0.6769,24,3608,6279.5,0.57,4166
C2710,5,1,1,2,1,76,2290,1620,0.5633,1.41,398,5.75,0.2457,7,11940,2358.7,5.06,2875
C9612,5,4,1,5,2,106,9110,384,0.0672,23.72,219,41.6,0.5703,22,41610,8927.8,4.66,5714
C8303,5,1,2,3,3,158,2160,286,0.0312,7.55,92,23.48,0.3217,20,13708,2203.2,6.22,9166
C6328,5,1,2,5,2,177,9760,349,0.0832,27.97,49,199.18,0.1404,30,1519,9467.2,0.16,4194
C6573,4,2,1,1,4,4,5530,1978,0.2334,2.8,406,13.62,0.2053,28,78764,5585.3,14.1,8474
C6368,4,2,2,5,1,16,4750,348,0.1153,13.65,159,29.87,0.4569,20,26871,4702.5,5.71,3018
C1247,5,3,3,1,4,71,2130,994,0.4846,2.14,530,4.02,0.5332,19,65720,2172.6,30.25,2051
C3761,4,1,2,2,5,132,3870,595,0.2932,6.5,96,40.31,0.1613,21,4512,3831.3,1.18,2029
C1521,5,4,3,5,3,7,4230,1373,0.164,3.08,1233,3.43,0.898,8,38223,4103.1,9.32,8371
C1850,5,1,3,1,5,302,7960,1272,0.1715,6.26,1226,6.49,0.9638,11,197386,8119.2,24.31,7416
C5759,5,2,1,2,5,26,4090,620,0.1059,6.6,383,10.68,0.6177,14,39832,4253.6,9.36,5854
C2505,4,3,2,4,5,303,3580,1711,0.1768,2.09,1351,2.65,0.7896,8,171577,3508.4,48.9,9677
C9439,1,2,1,1,1,59,5720,1888,0.2612,3.03,143,40.0,0.0757,10,27885,5834.4,4.78,7228
C4071,1,1,3,1,3,176,7400,657,0.0986,11.26,136,54.41,0.207,27,24072,7696.0,3.13,6663
C2402,1,4,3,4,2,251,3670,1534,0.1974,2.39,1258,2.92,0.8201,26,206312,3523.2,58.56,7771
C3257,5,4,3,2,4,312,4820,231,0.0238,20.87,83,58.07,0.3593,20,5146,5061.0,1.02,9705
C4315,5,2,3,3,3,321,9330,395,0.0517,23.62,239,39.04,0.6051,26,35372,8956.8,3.95,7640
C1412,2,1,3,3,2,12,3070,493,0.1965,6.23,415,7.4,0.8418,10,41915,3192.8,13.13,2508
